id	name	studyId	level	levels	blockNumber	entryNumber	entryType	x	y	sampleId	germplasmId	plantingDate	harvestDate	replicate	plantNumber	plotNumber	containedIn	locationId
1		1			1			1	1	1	58	2011-11-01	2011-11-20	1	1	1	NULL	NULL
2		1			1			2	1	2	58	2011-11-01	2011-11-20	1	2	1	NULL	NULL
3		1			1			3	1	3	58	2011-11-01	2011-11-20	1	3	1	NULL	NULL
4		1			1			4	1	4	58	2011-11-01	2011-11-20	1	4	1	NULL	NULL
5		1			1			5	1	5	58	2011-11-01	2011-11-20	1	5	1	NULL	NULL
6		1			1			6	1	6	58	2011-11-01	2011-11-20	1	6	1	NULL	NULL
7		1			1			7	1	7	58	2011-11-01	2011-11-20	1	7	1	NULL	NULL
8		1			1			8	1	8	58	2011-11-01	2011-11-20	1	8	1	NULL	NULL
9		1			1			1	2		21	2011-11-01	2011-11-20	1	9	1	NULL	NULL
10		1			1			2	2		21	2011-11-01	2011-11-20	1	10	1	NULL	NULL
11		1			1			3	2		21	2011-11-01	2011-11-20	1	11	1	NULL	NULL
12		1			1			4	2		21	2011-11-01	2011-11-20	1	12	1	NULL	NULL
13		1			1			5	2		21	2011-11-01	2011-11-20	1	13	1	NULL	NULL
14		1			1			6	2		21	2011-11-01	2011-11-20	1	14	1	NULL	NULL
15		1			1			7	2		21	2011-11-01	2011-11-20	1	15	1	NULL	NULL
16		1			1			8	2		21	2011-11-01	2011-11-20	1	16	1	NULL	NULL
17		1			1			1	3		30	2011-11-01	2011-11-20	1	17	1	NULL	NULL
18		1			1			2	3		30	2011-11-01	2011-11-20	1	18	1	NULL	NULL
19		1			1			3	3		30	2011-11-01	2011-11-20	1	19	1	NULL	NULL
20		1			1			4	3		30	2011-11-01	2011-11-20	1	20	1	NULL	NULL
21		1			1			5	3		30	2011-11-01	2011-11-20	1	21	1	NULL	NULL
22		1			1			6	3		30	2011-11-01	2011-11-20	1	22	1	NULL	NULL
23		1			1			7	3		30	2011-11-01	2011-11-20	1	23	1	NULL	NULL
24		1			1			8	3		30	2011-11-01	2011-11-20	1	24	1	NULL	NULL
25		1			1			1	4		31	2011-11-01	2011-11-20	1	25	1	NULL	NULL
26		1			1			2	4		31	2011-11-01	2011-11-20	1	26	1	NULL	NULL
27		1			1			3	4		31	2011-11-01	2011-11-20	1	27	1	NULL	NULL
28		1			1			4	4		31	2011-11-01	2011-11-20	1	28	1	NULL	NULL
29		1			1			5	4		31	2011-11-01	2011-11-20	1	29	1	NULL	NULL
30		1			1			6	4		31	2011-11-01	2011-11-20	1	30	1	NULL	NULL
31		1			1			7	4		31	2011-11-01	2011-11-20	1	31	1	NULL	NULL
32		1			1			8	4		31	2011-11-01	2011-11-20	1	32	1	NULL	NULL
33		1			1			1	5		32	2011-11-01	2011-11-20	1	33	1	NULL	NULL
34		1			1			2	5		32	2011-11-01	2011-11-20	1	34	1	NULL	NULL
35		1			1			3	5		32	2011-11-01	2011-11-20	1	35	1	NULL	NULL
36		1			1			4	5		32	2011-11-01	2011-11-20	1	36	1	NULL	NULL
37		1			1			5	5		32	2011-11-01	2011-11-20	1	37	1	NULL	NULL
38		1			1			6	5		32	2011-11-01	2011-11-20	1	38	1	NULL	NULL
39		1			1			7	5		32	2011-11-01	2011-11-20	1	39	1	NULL	NULL
40		1			1			8	5		32	2011-11-01	2011-11-20	1	40	1	NULL	NULL
41		1			1			1	6		33	2011-11-01	2011-11-20	1	41	1	NULL	NULL
42		1			1			2	6		33	2011-11-01	2011-11-20	1	42	1	NULL	NULL
43		1			1			3	6		33	2011-11-01	2011-11-20	1	43	1	NULL	NULL
44		1			1			4	6		33	2011-11-01	2011-11-20	1	44	1	NULL	NULL
45		1			1			5	6		33	2011-11-01	2011-11-20	1	45	1	NULL	NULL
46		1			1			6	6		33	2011-11-01	2011-11-20	1	46	1	NULL	NULL
47		1			1			7	6		33	2011-11-01	2011-11-20	1	47	1	NULL	NULL
48		1			1			8	6		33	2011-11-01	2011-11-20	1	48	1	NULL	NULL
49		1			1			1	7		34	2011-11-01	2011-11-20	1	49	1	NULL	NULL
50		1			1			2	7		34	2011-11-01	2011-11-20	1	50	1	NULL	NULL
51		1			1			3	7		34	2011-11-01	2011-11-20	1	51	1	NULL	NULL
52		1			1			4	7		34	2011-11-01	2011-11-20	1	52	1	NULL	NULL
53		1			1			5	7		34	2011-11-01	2011-11-20	1	53	1	NULL	NULL
54		1			1			6	7		34	2011-11-01	2011-11-20	1	54	1	NULL	NULL
55		1			1			7	7		34	2011-11-01	2011-11-20	1	55	1	NULL	NULL
56		1			1			8	7		34	2011-11-01	2011-11-20	1	56	1	NULL	NULL
57		1			1			1	8		42	2011-11-01	2011-11-20	1	57	1	NULL	NULL
58		1			1			2	8		42	2011-11-01	2011-11-20	1	58	1	NULL	NULL
59		1			1			3	8		42	2011-11-01	2011-11-20	1	59	1	NULL	NULL
60		1			1			4	8		42	2011-11-01	2011-11-20	1	60	1	NULL	NULL
61		1			1			5	8		42	2011-11-01	2011-11-20	1	61	1	NULL	NULL
62		1			1			6	8		42	2011-11-01	2011-11-20	1	62	1	NULL	NULL
63		1			1			7	8		42	2011-11-01	2011-11-20	1	63	1	NULL	NULL
64		1			1			8	8		42	2011-11-01	2011-11-20	1	64	1	NULL	NULL
65		1			1			1	9		43	2011-11-01	2011-11-20	1	65	1	NULL	NULL
66		1			1			2	9		43	2011-11-01	2011-11-20	1	66	1	NULL	NULL
67		1			1			3	9		43	2011-11-01	2011-11-20	1	67	1	NULL	NULL
68		1			1			4	9		43	2011-11-01	2011-11-20	1	68	1	NULL	NULL
69		1			1			5	9		43	2011-11-01	2011-11-20	1	69	1	NULL	NULL
70		1			1			6	9		43	2011-11-01	2011-11-20	1	70	1	NULL	NULL
71		1			1			7	9		43	2011-11-01	2011-11-20	1	71	1	NULL	NULL
72		1			1			8	9		43	2011-11-01	2011-11-20	1	72	1	NULL	NULL
73		1			1			1	10		44	2011-11-01	2011-11-20	1	73	1	NULL	NULL
74		1			1			2	10		44	2011-11-01	2011-11-20	1	74	1	NULL	NULL
75		1			1			3	10		44	2011-11-01	2011-11-20	1	75	1	NULL	NULL
76		1			1			4	10		44	2011-11-01	2011-11-20	1	76	1	NULL	NULL
77		1			1			5	10		44	2011-11-01	2011-11-20	1	77	1	NULL	NULL
78		1			1			6	10		44	2011-11-01	2011-11-20	1	78	1	NULL	NULL
79		1			1			7	10		44	2011-11-01	2011-11-20	1	79	1	NULL	NULL
80		1			1			8	10		44	2011-11-01	2011-11-20	1	80	1	NULL	NULL
81		1			1			1	11		45	2011-11-01	2011-11-20	1	81	1	NULL	NULL
82		1			1			2	11		45	2011-11-01	2011-11-20	1	82	1	NULL	NULL
83		1			1			3	11		45	2011-11-01	2011-11-20	1	83	1	NULL	NULL
84		1			1			4	11		45	2011-11-01	2011-11-20	1	84	1	NULL	NULL
85		1			1			5	11		45	2011-11-01	2011-11-20	1	85	1	NULL	NULL
86		1			1			6	11		45	2011-11-01	2011-11-20	1	86	1	NULL	NULL
87		1			1			7	11		45	2011-11-01	2011-11-20	1	87	1	NULL	NULL
88		1			1			8	11		45	2011-11-01	2011-11-20	1	88	1	NULL	NULL
89		1			1			1	1		58	2011-11-01	2011-11-20	1	89	2	NULL	NULL
90		1			1			2	1		58	2011-11-01	2011-11-20	1	90	2	NULL	NULL
91		1			1			3	1		58	2011-11-01	2011-11-20	1	91	2	NULL	NULL
92		1			1			4	1		58	2011-11-01	2011-11-20	1	92	2	NULL	NULL
93		1			1			5	1		58	2011-11-01	2011-11-20	1	93	2	NULL	NULL
94		1			1			6	1		58	2011-11-01	2011-11-20	1	94	2	NULL	NULL
95		1			1			7	1		58	2011-11-01	2011-11-20	1	95	2	NULL	NULL
96		1			1			8	1		58	2011-11-01	2011-11-20	1	96	2	NULL	NULL
97		1			1			1	2		21	2011-11-01	2011-11-20	1	97	2	NULL	NULL
98		1			1			2	2		21	2011-11-01	2011-11-20	1	98	2	NULL	NULL
99		1			1			3	2		21	2011-11-01	2011-11-20	1	99	2	NULL	NULL
100		1			1			4	2		21	2011-11-01	2011-11-20	1	100	2	NULL	NULL
101		1			1			5	2		21	2011-11-01	2011-11-20	1	101	2	NULL	NULL
102		1			1			6	2		21	2011-11-01	2011-11-20	1	102	2	NULL	NULL
103		1			1			7	2		21	2011-11-01	2011-11-20	1	103	2	NULL	NULL
104		1			1			8	2		21	2011-11-01	2011-11-20	1	104	2	NULL	NULL
105		1			1			1	3		45	2011-11-01	2011-11-20	1	105	2	NULL	NULL
106		1			1			2	3		45	2011-11-01	2011-11-20	1	106	2	NULL	NULL
107		1			1			3	3		45	2011-11-01	2011-11-20	1	107	2	NULL	NULL
108		1			1			4	3		45	2011-11-01	2011-11-20	1	108	2	NULL	NULL
109		1			1			5	3		45	2011-11-01	2011-11-20	1	109	2	NULL	NULL
110		1			1			6	3		45	2011-11-01	2011-11-20	1	110	2	NULL	NULL
111		1			1			7	3		45	2011-11-01	2011-11-20	1	111	2	NULL	NULL
112		1			1			8	3		45	2011-11-01	2011-11-20	1	112	2	NULL	NULL
113		1			1			1	4		46	2011-11-01	2011-11-20	1	113	2	NULL	NULL
114		1			1			2	4		46	2011-11-01	2011-11-20	1	114	2	NULL	NULL
115		1			1			3	4		46	2011-11-01	2011-11-20	1	115	2	NULL	NULL
116		1			1			4	4		46	2011-11-01	2011-11-20	1	116	2	NULL	NULL
117		1			1			5	4		46	2011-11-01	2011-11-20	1	117	2	NULL	NULL
118		1			1			6	4		46	2011-11-01	2011-11-20	1	118	2	NULL	NULL
119		1			1			7	4		46	2011-11-01	2011-11-20	1	119	2	NULL	NULL
120		1			1			8	4		46	2011-11-01	2011-11-20	1	120	2	NULL	NULL
121		1			1			1	5		47	2011-11-01	2011-11-20	1	121	2	NULL	NULL
122		1			1			2	5		47	2011-11-01	2011-11-20	1	122	2	NULL	NULL
123		1			1			3	5		47	2011-11-01	2011-11-20	1	123	2	NULL	NULL
124		1			1			4	5		47	2011-11-01	2011-11-20	1	124	2	NULL	NULL
125		1			1			5	5		47	2011-11-01	2011-11-20	1	125	2	NULL	NULL
126		1			1			6	5		47	2011-11-01	2011-11-20	1	126	2	NULL	NULL
127		1			1			7	5		47	2011-11-01	2011-11-20	1	127	2	NULL	NULL
128		1			1			8	5		47	2011-11-01	2011-11-20	1	128	2	NULL	NULL
129		1			1			1	6		48	2011-11-01	2011-11-20	1	129	2	NULL	NULL
130		1			1			2	6		48	2011-11-01	2011-11-20	1	130	2	NULL	NULL
131		1			1			3	6		48	2011-11-01	2011-11-20	1	131	2	NULL	NULL
132		1			1			4	6		48	2011-11-01	2011-11-20	1	132	2	NULL	NULL
133		1			1			5	6		48	2011-11-01	2011-11-20	1	133	2	NULL	NULL
134		1			1			6	6		48	2011-11-01	2011-11-20	1	134	2	NULL	NULL
135		1			1			7	6		48	2011-11-01	2011-11-20	1	135	2	NULL	NULL
136		1			1			8	6		48	2011-11-01	2011-11-20	1	136	2	NULL	NULL
137		1			1			1	7		49	2011-11-01	2011-11-20	1	137	2	NULL	NULL
138		1			1			2	7		49	2011-11-01	2011-11-20	1	138	2	NULL	NULL
139		1			1			3	7		49	2011-11-01	2011-11-20	1	139	2	NULL	NULL
140		1			1			4	7		49	2011-11-01	2011-11-20	1	140	2	NULL	NULL
141		1			1			5	7		49	2011-11-01	2011-11-20	1	141	2	NULL	NULL
142		1			1			6	7		49	2011-11-01	2011-11-20	1	142	2	NULL	NULL
143		1			1			7	7		49	2011-11-01	2011-11-20	1	143	2	NULL	NULL
144		1			1			8	7		49	2011-11-01	2011-11-20	1	144	2	NULL	NULL
145		1			1			1	8		50	2011-11-01	2011-11-20	1	145	2	NULL	NULL
146		1			1			2	8		50	2011-11-01	2011-11-20	1	146	2	NULL	NULL
147		1			1			3	8		50	2011-11-01	2011-11-20	1	147	2	NULL	NULL
148		1			1			4	8		50	2011-11-01	2011-11-20	1	148	2	NULL	NULL
149		1			1			5	8		50	2011-11-01	2011-11-20	1	149	2	NULL	NULL
150		1			1			6	8		50	2011-11-01	2011-11-20	1	150	2	NULL	NULL
151		1			1			7	8		50	2011-11-01	2011-11-20	1	151	2	NULL	NULL
152		1			1			8	8		50	2011-11-01	2011-11-20	1	152	2	NULL	NULL
153		1			1			1	9		51	2011-11-01	2011-11-20	1	153	2	NULL	NULL
154		1			1			2	9		51	2011-11-01	2011-11-20	1	154	2	NULL	NULL
155		1			1			3	9		51	2011-11-01	2011-11-20	1	155	2	NULL	NULL
156		1			1			4	9		51	2011-11-01	2011-11-20	1	156	2	NULL	NULL
157		1			1			5	9		51	2011-11-01	2011-11-20	1	157	2	NULL	NULL
158		1			1			6	9		51	2011-11-01	2011-11-20	1	158	2	NULL	NULL
159		1			1			7	9		51	2011-11-01	2011-11-20	1	159	2	NULL	NULL
160		1			1			8	9		51	2011-11-01	2011-11-20	1	160	2	NULL	NULL
161		1			1			1	10		52	2011-11-01	2011-11-20	1	161	2	NULL	NULL
162		1			1			2	10		52	2011-11-01	2011-11-20	1	162	2	NULL	NULL
163		1			1			3	10		52	2011-11-01	2011-11-20	1	163	2	NULL	NULL
164		1			1			4	10		52	2011-11-01	2011-11-20	1	164	2	NULL	NULL
165		1			1			5	10		52	2011-11-01	2011-11-20	1	165	2	NULL	NULL
166		1			1			6	10		52	2011-11-01	2011-11-20	1	166	2	NULL	NULL
167		1			1			7	10		52	2011-11-01	2011-11-20	1	167	2	NULL	NULL
168		1			1			8	10		52	2011-11-01	2011-11-20	1	168	2	NULL	NULL
169		1			1			1	11		53	2011-11-01	2011-11-20	1	169	2	NULL	NULL
170		1			1			2	11		53	2011-11-01	2011-11-20	1	170	2	NULL	NULL
171		1			1			3	11		53	2011-11-01	2011-11-20	1	171	2	NULL	NULL
172		1			1			4	11		53	2011-11-01	2011-11-20	1	172	2	NULL	NULL
173		1			1			5	11		53	2011-11-01	2011-11-20	1	173	2	NULL	NULL
174		1			1			6	11		53	2011-11-01	2011-11-20	1	174	2	NULL	NULL
175		1			1			7	11		53	2011-11-01	2011-11-20	1	175	2	NULL	NULL
176		1			1			8	11		53	2011-11-01	2011-11-20	1	176	2	NULL	NULL
177		1			1			1	1		58	2011-11-01	2011-11-20	1	177	3	NULL	NULL
178		1			1			2	1		58	2011-11-01	2011-11-20	1	178	3	NULL	NULL
179		1			1			3	1		58	2011-11-01	2011-11-20	1	179	3	NULL	NULL
180		1			1			4	1		58	2011-11-01	2011-11-20	1	180	3	NULL	NULL
181		1			1			5	1		58	2011-11-01	2011-11-20	1	181	3	NULL	NULL
182		1			1			6	1		58	2011-11-01	2011-11-20	1	182	3	NULL	NULL
183		1			1			7	1		58	2011-11-01	2011-11-20	1	183	3	NULL	NULL
184		1			1			8	1		58	2011-11-01	2011-11-20	1	184	3	NULL	NULL
185		1			1			1	2		21	2011-11-01	2011-11-20	1	185	3	NULL	NULL
186		1			1			2	2		21	2011-11-01	2011-11-20	1	186	3	NULL	NULL
187		1			1			3	2		21	2011-11-01	2011-11-20	1	187	3	NULL	NULL
188		1			1			4	2		21	2011-11-01	2011-11-20	1	188	3	NULL	NULL
189		1			1			5	2		21	2011-11-01	2011-11-20	1	189	3	NULL	NULL
190		1			1			6	2		21	2011-11-01	2011-11-20	1	190	3	NULL	NULL
191		1			1			7	2		21	2011-11-01	2011-11-20	1	191	3	NULL	NULL
192		1			1			8	2		21	2011-11-01	2011-11-20	1	192	3	NULL	NULL
193		1			1			1	3		54	2011-11-01	2011-11-20	1	193	3	NULL	NULL
194		1			1			2	3		54	2011-11-01	2011-11-20	1	194	3	NULL	NULL
195		1			1			3	3		54	2011-11-01	2011-11-20	1	195	3	NULL	NULL
196		1			1			4	3		54	2011-11-01	2011-11-20	1	196	3	NULL	NULL
197		1			1			5	3		54	2011-11-01	2011-11-20	1	197	3	NULL	NULL
198		1			1			6	3		54	2011-11-01	2011-11-20	1	198	3	NULL	NULL
199		1			1			7	3		54	2011-11-01	2011-11-20	1	199	3	NULL	NULL
200		1			1			8	3		54	2011-11-01	2011-11-20	1	200	3	NULL	NULL
201		1			1			1	4		55	2011-11-01	2011-11-20	1	201	3	NULL	NULL
202		1			1			2	4		55	2011-11-01	2011-11-20	1	202	3	NULL	NULL
203		1			1			3	4		55	2011-11-01	2011-11-20	1	203	3	NULL	NULL
204		1			1			4	4		55	2011-11-01	2011-11-20	1	204	3	NULL	NULL
205		1			1			5	4		55	2011-11-01	2011-11-20	1	205	3	NULL	NULL
206		1			1			6	4		55	2011-11-01	2011-11-20	1	206	3	NULL	NULL
207		1			1			7	4		55	2011-11-01	2011-11-20	1	207	3	NULL	NULL
208		1			1			8	4		55	2011-11-01	2011-11-20	1	208	3	NULL	NULL
209		1			1			1	5		56	2011-11-01	2011-11-20	1	209	3	NULL	NULL
210		1			1			2	5		56	2011-11-01	2011-11-20	1	210	3	NULL	NULL
211		1			1			3	5		56	2011-11-01	2011-11-20	1	211	3	NULL	NULL
212		1			1			4	5		56	2011-11-01	2011-11-20	1	212	3	NULL	NULL
213		1			1			5	5		56	2011-11-01	2011-11-20	1	213	3	NULL	NULL
214		1			1			6	5		56	2011-11-01	2011-11-20	1	214	3	NULL	NULL
215		1			1			7	5		56	2011-11-01	2011-11-20	1	215	3	NULL	NULL
216		1			1			8	5		56	2011-11-01	2011-11-20	1	216	3	NULL	NULL
217		1			1			1	6		2	2011-11-01	2011-11-20	1	217	3	NULL	NULL
218		1			1			2	6		2	2011-11-01	2011-11-20	1	218	3	NULL	NULL
219		1			1			3	6		2	2011-11-01	2011-11-20	1	219	3	NULL	NULL
220		1			1			4	6		2	2011-11-01	2011-11-20	1	220	3	NULL	NULL
221		1			1			5	6		2	2011-11-01	2011-11-20	1	221	3	NULL	NULL
222		1			1			6	6		2	2011-11-01	2011-11-20	1	222	3	NULL	NULL
223		1			1			7	6		2	2011-11-01	2011-11-20	1	223	3	NULL	NULL
224		1			1			8	6		2	2011-11-01	2011-11-20	1	224	3	NULL	NULL
225		1			1			1	7		10	2011-11-01	2011-11-20	1	225	3	NULL	NULL
226		1			1			2	7		10	2011-11-01	2011-11-20	1	226	3	NULL	NULL
227		1			1			3	7		10	2011-11-01	2011-11-20	1	227	3	NULL	NULL
228		1			1			4	7		10	2011-11-01	2011-11-20	1	228	3	NULL	NULL
229		1			1			5	7		10	2011-11-01	2011-11-20	1	229	3	NULL	NULL
230		1			1			6	7		10	2011-11-01	2011-11-20	1	230	3	NULL	NULL
231		1			1			7	7		10	2011-11-01	2011-11-20	1	231	3	NULL	NULL
232		1			1			8	7		10	2011-11-01	2011-11-20	1	232	3	NULL	NULL
233		1			1			1	8		11	2011-11-01	2011-11-20	1	233	3	NULL	NULL
234		1			1			2	8		11	2011-11-01	2011-11-20	1	234	3	NULL	NULL
235		1			1			3	8		11	2011-11-01	2011-11-20	1	235	3	NULL	NULL
236		1			1			4	8		11	2011-11-01	2011-11-20	1	236	3	NULL	NULL
237		1			1			5	8		11	2011-11-01	2011-11-20	1	237	3	NULL	NULL
238		1			1			6	8		11	2011-11-01	2011-11-20	1	238	3	NULL	NULL
239		1			1			7	8		11	2011-11-01	2011-11-20	1	239	3	NULL	NULL
240		1			1			8	8		11	2011-11-01	2011-11-20	1	240	3	NULL	NULL
241		1			1			1	9		12	2011-11-01	2011-11-20	1	241	3	NULL	NULL
242		1			1			2	9		12	2011-11-01	2011-11-20	1	242	3	NULL	NULL
243		1			1			3	9		12	2011-11-01	2011-11-20	1	243	3	NULL	NULL
244		1			1			4	9		12	2011-11-01	2011-11-20	1	244	3	NULL	NULL
245		1			1			5	9		12	2011-11-01	2011-11-20	1	245	3	NULL	NULL
246		1			1			6	9		12	2011-11-01	2011-11-20	1	246	3	NULL	NULL
247		1			1			7	9		12	2011-11-01	2011-11-20	1	247	3	NULL	NULL
248		1			1			8	9		12	2011-11-01	2011-11-20	1	248	3	NULL	NULL
249		1			1			1	10		13	2011-11-01	2011-11-20	1	249	3	NULL	NULL
250		1			1			2	10		13	2011-11-01	2011-11-20	1	250	3	NULL	NULL
251		1			1			3	10		13	2011-11-01	2011-11-20	1	251	3	NULL	NULL
252		1			1			4	10		13	2011-11-01	2011-11-20	1	252	3	NULL	NULL
253		1			1			5	10		13	2011-11-01	2011-11-20	1	253	3	NULL	NULL
254		1			1			6	10		13	2011-11-01	2011-11-20	1	254	3	NULL	NULL
255		1			1			7	10		13	2011-11-01	2011-11-20	1	255	3	NULL	NULL
256		1			1			8	10		13	2011-11-01	2011-11-20	1	256	3	NULL	NULL
257		1			1			1	11		15	2011-11-01	2011-11-20	1	257	3	NULL	NULL
258		1			1			2	11		15	2011-11-01	2011-11-20	1	258	3	NULL	NULL
259		1			1			3	11		15	2011-11-01	2011-11-20	1	259	3	NULL	NULL
260		1			1			4	11		15	2011-11-01	2011-11-20	1	260	3	NULL	NULL
261		1			1			5	11		15	2011-11-01	2011-11-20	1	261	3	NULL	NULL
262		1			1			6	11		15	2011-11-01	2011-11-20	1	262	3	NULL	NULL
263		1			1			7	11		15	2011-11-01	2011-11-20	1	263	3	NULL	NULL
264		1			1			8	11		15	2011-11-01	2011-11-20	1	264	3	NULL	NULL
265		1			1			1	1		58	2011-11-01	2011-11-20	1	265	4	NULL	NULL
266		1			1			2	1		58	2011-11-01	2011-11-20	1	266	4	NULL	NULL
267		1			1			3	1		58	2011-11-01	2011-11-20	1	267	4	NULL	NULL
268		1			1			4	1		58	2011-11-01	2011-11-20	1	268	4	NULL	NULL
269		1			1			5	1		58	2011-11-01	2011-11-20	1	269	4	NULL	NULL
270		1			1			6	1		58	2011-11-01	2011-11-20	1	270	4	NULL	NULL
271		1			1			7	1		58	2011-11-01	2011-11-20	1	271	4	NULL	NULL
272		1			1			8	1		58	2011-11-01	2011-11-20	1	272	4	NULL	NULL
273		1			1			1	2		21	2011-11-01	2011-11-20	1	273	4	NULL	NULL
274		1			1			2	2		21	2011-11-01	2011-11-20	1	274	4	NULL	NULL
275		1			1			3	2		21	2011-11-01	2011-11-20	1	275	4	NULL	NULL
276		1			1			4	2		21	2011-11-01	2011-11-20	1	276	4	NULL	NULL
277		1			1			5	2		21	2011-11-01	2011-11-20	1	277	4	NULL	NULL
278		1			1			6	2		21	2011-11-01	2011-11-20	1	278	4	NULL	NULL
279		1			1			7	2		21	2011-11-01	2011-11-20	1	279	4	NULL	NULL
280		1			1			8	2		21	2011-11-01	2011-11-20	1	280	4	NULL	NULL
281		1			1			1	3		17	2011-11-01	2011-11-20	1	281	4	NULL	NULL
282		1			1			2	3		17	2011-11-01	2011-11-20	1	282	4	NULL	NULL
283		1			1			3	3		17	2011-11-01	2011-11-20	1	283	4	NULL	NULL
284		1			1			4	3		17	2011-11-01	2011-11-20	1	284	4	NULL	NULL
285		1			1			5	3		17	2011-11-01	2011-11-20	1	285	4	NULL	NULL
286		1			1			6	3		17	2011-11-01	2011-11-20	1	286	4	NULL	NULL
287		1			1			7	3		17	2011-11-01	2011-11-20	1	287	4	NULL	NULL
288		1			1			8	3		17	2011-11-01	2011-11-20	1	288	4	NULL	NULL
289		1			1			1	4		18	2011-11-01	2011-11-20	1	289	4	NULL	NULL
290		1			1			2	4		18	2011-11-01	2011-11-20	1	290	4	NULL	NULL
291		1			1			3	4		18	2011-11-01	2011-11-20	1	291	4	NULL	NULL
292		1			1			4	4		18	2011-11-01	2011-11-20	1	292	4	NULL	NULL
293		1			1			5	4		18	2011-11-01	2011-11-20	1	293	4	NULL	NULL
294		1			1			6	4		18	2011-11-01	2011-11-20	1	294	4	NULL	NULL
295		1			1			7	4		18	2011-11-01	2011-11-20	1	295	4	NULL	NULL
296		1			1			8	4		18	2011-11-01	2011-11-20	1	296	4	NULL	NULL
297		1			1			1	5		19	2011-11-01	2011-11-20	1	297	4	NULL	NULL
298		1			1			2	5		19	2011-11-01	2011-11-20	1	298	4	NULL	NULL
299		1			1			3	5		19	2011-11-01	2011-11-20	1	299	4	NULL	NULL
300		1			1			4	5		19	2011-11-01	2011-11-20	1	300	4	NULL	NULL
301		1			1			5	5		19	2011-11-01	2011-11-20	1	301	4	NULL	NULL
302		1			1			6	5		19	2011-11-01	2011-11-20	1	302	4	NULL	NULL
303		1			1			7	5		19	2011-11-01	2011-11-20	1	303	4	NULL	NULL
304		1			1			8	5		19	2011-11-01	2011-11-20	1	304	4	NULL	NULL
305		1			1			1	6		20	2011-11-01	2011-11-20	1	305	4	NULL	NULL
306		1			1			2	6		20	2011-11-01	2011-11-20	1	306	4	NULL	NULL
307		1			1			3	6		20	2011-11-01	2011-11-20	1	307	4	NULL	NULL
308		1			1			4	6		20	2011-11-01	2011-11-20	1	308	4	NULL	NULL
309		1			1			5	6		20	2011-11-01	2011-11-20	1	309	4	NULL	NULL
310		1			1			6	6		20	2011-11-01	2011-11-20	1	310	4	NULL	NULL
311		1			1			7	6		20	2011-11-01	2011-11-20	1	311	4	NULL	NULL
312		1			1			8	6		20	2011-11-01	2011-11-20	1	312	4	NULL	NULL
313		1			1			1	7		22	2011-11-01	2011-11-20	1	313	4	NULL	NULL
314		1			1			2	7		22	2011-11-01	2011-11-20	1	314	4	NULL	NULL
315		1			1			3	7		22	2011-11-01	2011-11-20	1	315	4	NULL	NULL
316		1			1			4	7		22	2011-11-01	2011-11-20	1	316	4	NULL	NULL
317		1			1			5	7		22	2011-11-01	2011-11-20	1	317	4	NULL	NULL
318		1			1			6	7		22	2011-11-01	2011-11-20	1	318	4	NULL	NULL
319		1			1			7	7		22	2011-11-01	2011-11-20	1	319	4	NULL	NULL
320		1			1			8	7		22	2011-11-01	2011-11-20	1	320	4	NULL	NULL
321		1			1			1	8		23	2011-11-01	2011-11-20	1	321	4	NULL	NULL
322		1			1			2	8		23	2011-11-01	2011-11-20	1	322	4	NULL	NULL
323		1			1			3	8		23	2011-11-01	2011-11-20	1	323	4	NULL	NULL
324		1			1			4	8		23	2011-11-01	2011-11-20	1	324	4	NULL	NULL
325		1			1			5	8		23	2011-11-01	2011-11-20	1	325	4	NULL	NULL
326		1			1			6	8		23	2011-11-01	2011-11-20	1	326	4	NULL	NULL
327		1			1			7	8		23	2011-11-01	2011-11-20	1	327	4	NULL	NULL
328		1			1			8	8		23	2011-11-01	2011-11-20	1	328	4	NULL	NULL
329		1			1			1	9		24	2011-11-01	2011-11-20	1	329	4	NULL	NULL
330		1			1			2	9		24	2011-11-01	2011-11-20	1	330	4	NULL	NULL
331		1			1			3	9		24	2011-11-01	2011-11-20	1	331	4	NULL	NULL
332		1			1			4	9		24	2011-11-01	2011-11-20	1	332	4	NULL	NULL
333		1			1			5	9		24	2011-11-01	2011-11-20	1	333	4	NULL	NULL
334		1			1			6	9		24	2011-11-01	2011-11-20	1	334	4	NULL	NULL
335		1			1			7	9		24	2011-11-01	2011-11-20	1	335	4	NULL	NULL
336		1			1			8	9		24	2011-11-01	2011-11-20	1	336	4	NULL	NULL
337		1			1			1	10		25	2011-11-01	2011-11-20	1	337	4	NULL	NULL
338		1			1			2	10		25	2011-11-01	2011-11-20	1	338	4	NULL	NULL
339		1			1			3	10		25	2011-11-01	2011-11-20	1	339	4	NULL	NULL
340		1			1			4	10		25	2011-11-01	2011-11-20	1	340	4	NULL	NULL
341		1			1			5	10		25	2011-11-01	2011-11-20	1	341	4	NULL	NULL
342		1			1			6	10		25	2011-11-01	2011-11-20	1	342	4	NULL	NULL
343		1			1			7	10		25	2011-11-01	2011-11-20	1	343	4	NULL	NULL
344		1			1			8	10		25	2011-11-01	2011-11-20	1	344	4	NULL	NULL
345		1			1			1	11		26	2011-11-01	2011-11-20	1	345	4	NULL	NULL
346		1			1			2	11		26	2011-11-01	2011-11-20	1	346	4	NULL	NULL
347		1			1			3	11		26	2011-11-01	2011-11-20	1	347	4	NULL	NULL
348		1			1			4	11		26	2011-11-01	2011-11-20	1	348	4	NULL	NULL
349		1			1			5	11		26	2011-11-01	2011-11-20	1	349	4	NULL	NULL
350		1			1			6	11		26	2011-11-01	2011-11-20	1	350	4	NULL	NULL
351		1			1			7	11		26	2011-11-01	2011-11-20	1	351	4	NULL	NULL
352		1			1			8	11		26	2011-11-01	2011-11-20	1	352	4	NULL	NULL
353		1			1			1	1		58	2011-11-01	2011-11-20	1	353	5	NULL	NULL
354		1			1			2	1		58	2011-11-01	2011-11-20	1	354	5	NULL	NULL
355		1			1			3	1		58	2011-11-01	2011-11-20	1	355	5	NULL	NULL
356		1			1			4	1		58	2011-11-01	2011-11-20	1	356	5	NULL	NULL
357		1			1			5	1		58	2011-11-01	2011-11-20	1	357	5	NULL	NULL
358		1			1			6	1		58	2011-11-01	2011-11-20	1	358	5	NULL	NULL
359		1			1			7	1		58	2011-11-01	2011-11-20	1	359	5	NULL	NULL
360		1			1			8	1		58	2011-11-01	2011-11-20	1	360	5	NULL	NULL
361		1			1			1	2		21	2011-11-01	2011-11-20	1	361	5	NULL	NULL
362		1			1			2	2		21	2011-11-01	2011-11-20	1	362	5	NULL	NULL
363		1			1			3	2		21	2011-11-01	2011-11-20	1	363	5	NULL	NULL
364		1			1			4	2		21	2011-11-01	2011-11-20	1	364	5	NULL	NULL
365		1			1			5	2		21	2011-11-01	2011-11-20	1	365	5	NULL	NULL
366		1			1			6	2		21	2011-11-01	2011-11-20	1	366	5	NULL	NULL
367		1			1			7	2		21	2011-11-01	2011-11-20	1	367	5	NULL	NULL
368		1			1			8	2		21	2011-11-01	2011-11-20	1	368	5	NULL	NULL
369		1			1			1	3		27	2011-11-01	2011-11-20	1	369	5	NULL	NULL
370		1			1			2	3		27	2011-11-01	2011-11-20	1	370	5	NULL	NULL
371		1			1			3	3		27	2011-11-01	2011-11-20	1	371	5	NULL	NULL
372		1			1			4	3		27	2011-11-01	2011-11-20	1	372	5	NULL	NULL
373		1			1			5	3		27	2011-11-01	2011-11-20	1	373	5	NULL	NULL
374		1			1			6	3		27	2011-11-01	2011-11-20	1	374	5	NULL	NULL
375		1			1			7	3		27	2011-11-01	2011-11-20	1	375	5	NULL	NULL
376		1			1			8	3		27	2011-11-01	2011-11-20	1	376	5	NULL	NULL
377		1			1			1	4		28	2011-11-01	2011-11-20	1	377	5	NULL	NULL
378		1			1			2	4		28	2011-11-01	2011-11-20	1	378	5	NULL	NULL
379		1			1			3	4		28	2011-11-01	2011-11-20	1	379	5	NULL	NULL
380		1			1			4	4		28	2011-11-01	2011-11-20	1	380	5	NULL	NULL
381		1			1			5	4		28	2011-11-01	2011-11-20	1	381	5	NULL	NULL
382		1			1			6	4		28	2011-11-01	2011-11-20	1	382	5	NULL	NULL
383		1			1			7	4		28	2011-11-01	2011-11-20	1	383	5	NULL	NULL
384		1			1			8	4		28	2011-11-01	2011-11-20	1	384	5	NULL	NULL
385		1			1			1	5		29	2011-11-01	2011-11-20	1	385	5	NULL	NULL
386		1			1			2	5		29	2011-11-01	2011-11-20	1	386	5	NULL	NULL
387		1			1			3	5		29	2011-11-01	2011-11-20	1	387	5	NULL	NULL
388		1			1			4	5		29	2011-11-01	2011-11-20	1	388	5	NULL	NULL
389		1			1			5	5		29	2011-11-01	2011-11-20	1	389	5	NULL	NULL
390		1			1			6	5		29	2011-11-01	2011-11-20	1	390	5	NULL	NULL
391		1			1			7	5		29	2011-11-01	2011-11-20	1	391	5	NULL	NULL
392		1			1			8	5		29	2011-11-01	2011-11-20	1	392	5	NULL	NULL
393		1			1			1	6		36	2011-11-01	2011-11-20	1	393	5	NULL	NULL
394		1			1			2	6		36	2011-11-01	2011-11-20	1	394	5	NULL	NULL
395		1			1			3	6		36	2011-11-01	2011-11-20	1	395	5	NULL	NULL
396		1			1			4	6		36	2011-11-01	2011-11-20	1	396	5	NULL	NULL
397		1			1			5	6		36	2011-11-01	2011-11-20	1	397	5	NULL	NULL
398		1			1			6	6		36	2011-11-01	2011-11-20	1	398	5	NULL	NULL
399		1			1			7	6		36	2011-11-01	2011-11-20	1	399	5	NULL	NULL
400		1			1			8	6		36	2011-11-01	2011-11-20	1	400	5	NULL	NULL
401		1			1			1	7		37	2011-11-01	2011-11-20	1	401	5	NULL	NULL
402		1			1			2	7		37	2011-11-01	2011-11-20	1	402	5	NULL	NULL
403		1			1			3	7		37	2011-11-01	2011-11-20	1	403	5	NULL	NULL
404		1			1			4	7		37	2011-11-01	2011-11-20	1	404	5	NULL	NULL
405		1			1			5	7		37	2011-11-01	2011-11-20	1	405	5	NULL	NULL
406		1			1			6	7		37	2011-11-01	2011-11-20	1	406	5	NULL	NULL
407		1			1			7	7		37	2011-11-01	2011-11-20	1	407	5	NULL	NULL
408		1			1			8	7		37	2011-11-01	2011-11-20	1	408	5	NULL	NULL
409		1			1			1	8		38	2011-11-01	2011-11-20	1	409	5	NULL	NULL
410		1			1			2	8		38	2011-11-01	2011-11-20	1	410	5	NULL	NULL
411		1			1			3	8		38	2011-11-01	2011-11-20	1	411	5	NULL	NULL
412		1			1			4	8		38	2011-11-01	2011-11-20	1	412	5	NULL	NULL
413		1			1			5	8		38	2011-11-01	2011-11-20	1	413	5	NULL	NULL
414		1			1			6	8		38	2011-11-01	2011-11-20	1	414	5	NULL	NULL
415		1			1			7	8		38	2011-11-01	2011-11-20	1	415	5	NULL	NULL
416		1			1			8	8		38	2011-11-01	2011-11-20	1	416	5	NULL	NULL
417		1			1			1	9		39	2011-11-01	2011-11-20	1	417	5	NULL	NULL
418		1			1			2	9		39	2011-11-01	2011-11-20	1	418	5	NULL	NULL
419		1			1			3	9		39	2011-11-01	2011-11-20	1	419	5	NULL	NULL
420		1			1			4	9		39	2011-11-01	2011-11-20	1	420	5	NULL	NULL
421		1			1			5	9		39	2011-11-01	2011-11-20	1	421	5	NULL	NULL
422		1			1			6	9		39	2011-11-01	2011-11-20	1	422	5	NULL	NULL
423		1			1			7	9		39	2011-11-01	2011-11-20	1	423	5	NULL	NULL
424		1			1			8	9		39	2011-11-01	2011-11-20	1	424	5	NULL	NULL
425		1			1			1	10		40	2011-11-01	2011-11-20	1	425	5	NULL	NULL
426		1			1			2	10		40	2011-11-01	2011-11-20	1	426	5	NULL	NULL
427		1			1			3	10		40	2011-11-01	2011-11-20	1	427	5	NULL	NULL
428		1			1			4	10		40	2011-11-01	2011-11-20	1	428	5	NULL	NULL
429		1			1			5	10		40	2011-11-01	2011-11-20	1	429	5	NULL	NULL
430		1			1			6	10		40	2011-11-01	2011-11-20	1	430	5	NULL	NULL
431		1			1			7	10		40	2011-11-01	2011-11-20	1	431	5	NULL	NULL
432		1			1			8	10		40	2011-11-01	2011-11-20	1	432	5	NULL	NULL
433		1			1			1	11		41	2011-11-01	2011-11-20	1	433	5	NULL	NULL
434		1			1			2	11		41	2011-11-01	2011-11-20	1	434	5	NULL	NULL
435		1			1			3	11		41	2011-11-01	2011-11-20	1	435	5	NULL	NULL
436		1			1			4	11		41	2011-11-01	2011-11-20	1	436	5	NULL	NULL
437		1			1			5	11		41	2011-11-01	2011-11-20	1	437	5	NULL	NULL
438		1			1			6	11		41	2011-11-01	2011-11-20	1	438	5	NULL	NULL
439		1			1			7	11		41	2011-11-01	2011-11-20	1	439	5	NULL	NULL
440		1			1			8	11		41	2011-11-01	2011-11-20	1	440	5	NULL	NULL
441		1			1			1	1		58	2011-11-01	2011-11-20	1	441	6	NULL	NULL
442		1			1			2	1		58	2011-11-01	2011-11-20	1	442	6	NULL	NULL
443		1			1			3	1		58	2011-11-01	2011-11-20	1	443	6	NULL	NULL
444		1			1			4	1		58	2011-11-01	2011-11-20	1	444	6	NULL	NULL
445		1			1			5	1		58	2011-11-01	2011-11-20	1	445	6	NULL	NULL
446		1			1			6	1		58	2011-11-01	2011-11-20	1	446	6	NULL	NULL
447		1			1			7	1		58	2011-11-01	2011-11-20	1	447	6	NULL	NULL
448		1			1			8	1		58	2011-11-01	2011-11-20	1	448	6	NULL	NULL
449		1			1			1	2		21	2011-11-01	2011-11-20	1	449	6	NULL	NULL
450		1			1			2	2		21	2011-11-01	2011-11-20	1	450	6	NULL	NULL
451		1			1			3	2		21	2011-11-01	2011-11-20	1	451	6	NULL	NULL
452		1			1			4	2		21	2011-11-01	2011-11-20	1	452	6	NULL	NULL
453		1			1			5	2		21	2011-11-01	2011-11-20	1	453	6	NULL	NULL
454		1			1			6	2		21	2011-11-01	2011-11-20	1	454	6	NULL	NULL
455		1			1			7	2		21	2011-11-01	2011-11-20	1	455	6	NULL	NULL
456		1			1			8	2		21	2011-11-01	2011-11-20	1	456	6	NULL	NULL
457		1			1			1	3		7	2011-11-01	2011-11-20	1	457	6	NULL	NULL
458		1			1			2	3		7	2011-11-01	2011-11-20	1	458	6	NULL	NULL
459		1			1			3	3		7	2011-11-01	2011-11-20	1	459	6	NULL	NULL
460		1			1			4	3		7	2011-11-01	2011-11-20	1	460	6	NULL	NULL
461		1			1			5	3		7	2011-11-01	2011-11-20	1	461	6	NULL	NULL
462		1			1			6	3		7	2011-11-01	2011-11-20	1	462	6	NULL	NULL
463		1			1			7	3		7	2011-11-01	2011-11-20	1	463	6	NULL	NULL
464		1			1			8	3		7	2011-11-01	2011-11-20	1	464	6	NULL	NULL
465		1			1			1	4		4	2011-11-01	2011-11-20	1	465	6	NULL	NULL
466		1			1			2	4		4	2011-11-01	2011-11-20	1	466	6	NULL	NULL
467		1			1			3	4		4	2011-11-01	2011-11-20	1	467	6	NULL	NULL
468		1			1			4	4		4	2011-11-01	2011-11-20	1	468	6	NULL	NULL
469		1			1			5	4		4	2011-11-01	2011-11-20	1	469	6	NULL	NULL
470		1			1			6	4		4	2011-11-01	2011-11-20	1	470	6	NULL	NULL
471		1			1			7	4		4	2011-11-01	2011-11-20	1	471	6	NULL	NULL
472		1			1			8	4		4	2011-11-01	2011-11-20	1	472	6	NULL	NULL
473		1			1			1	5		5	2011-11-01	2011-11-20	1	473	6	NULL	NULL
474		1			1			2	5		5	2011-11-01	2011-11-20	1	474	6	NULL	NULL
475		1			1			3	5		5	2011-11-01	2011-11-20	1	475	6	NULL	NULL
476		1			1			4	5		5	2011-11-01	2011-11-20	1	476	6	NULL	NULL
477		1			1			5	5		5	2011-11-01	2011-11-20	1	477	6	NULL	NULL
478		1			1			6	5		5	2011-11-01	2011-11-20	1	478	6	NULL	NULL
479		1			1			7	5		5	2011-11-01	2011-11-20	1	479	6	NULL	NULL
480		1			1			8	5		5	2011-11-01	2011-11-20	1	480	6	NULL	NULL
481		1			1			1	6		6	2011-11-01	2011-11-20	1	481	6	NULL	NULL
482		1			1			2	6		6	2011-11-01	2011-11-20	1	482	6	NULL	NULL
483		1			1			3	6		6	2011-11-01	2011-11-20	1	483	6	NULL	NULL
484		1			1			4	6		6	2011-11-01	2011-11-20	1	484	6	NULL	NULL
485		1			1			5	6		6	2011-11-01	2011-11-20	1	485	6	NULL	NULL
486		1			1			6	6		6	2011-11-01	2011-11-20	1	486	6	NULL	NULL
487		1			1			7	6		6	2011-11-01	2011-11-20	1	487	6	NULL	NULL
488		1			1			8	6		6	2011-11-01	2011-11-20	1	488	6	NULL	NULL
489		1			1			1	7		9	2011-11-01	2011-11-20	1	489	6	NULL	NULL
490		1			1			2	7		9	2011-11-01	2011-11-20	1	490	6	NULL	NULL
491		1			1			3	7		9	2011-11-01	2011-11-20	1	491	6	NULL	NULL
492		1			1			4	7		9	2011-11-01	2011-11-20	1	492	6	NULL	NULL
493		1			1			5	7		9	2011-11-01	2011-11-20	1	493	6	NULL	NULL
494		1			1			6	7		9	2011-11-01	2011-11-20	1	494	6	NULL	NULL
495		1			1			7	7		9	2011-11-01	2011-11-20	1	495	6	NULL	NULL
496		1			1			8	7		9	2011-11-01	2011-11-20	1	496	6	NULL	NULL
497		1			1			1	8		3	2011-11-01	2011-11-20	1	497	6	NULL	NULL
498		1			1			2	8		3	2011-11-01	2011-11-20	1	498	6	NULL	NULL
499		1			1			3	8		3	2011-11-01	2011-11-20	1	499	6	NULL	NULL
500		1			1			4	8		3	2011-11-01	2011-11-20	1	500	6	NULL	NULL
501		1			1			5	8		3	2011-11-01	2011-11-20	1	501	6	NULL	NULL
502		1			1			6	8		3	2011-11-01	2011-11-20	1	502	6	NULL	NULL
503		1			1			7	8		3	2011-11-01	2011-11-20	1	503	6	NULL	NULL
504		1			1			8	8		3	2011-11-01	2011-11-20	1	504	6	NULL	NULL
505		1			1			1	9		8	2011-11-01	2011-11-20	1	505	6	NULL	NULL
506		1			1			2	9		8	2011-11-01	2011-11-20	1	506	6	NULL	NULL
507		1			1			3	9		8	2011-11-01	2011-11-20	1	507	6	NULL	NULL
508		1			1			4	9		8	2011-11-01	2011-11-20	1	508	6	NULL	NULL
509		1			1			5	9		8	2011-11-01	2011-11-20	1	509	6	NULL	NULL
510		1			1			6	9		8	2011-11-01	2011-11-20	1	510	6	NULL	NULL
511		1			1			7	9		8	2011-11-01	2011-11-20	1	511	6	NULL	NULL
512		1			1			8	9		8	2011-11-01	2011-11-20	1	512	6	NULL	NULL
513		1			1			1	10		58	2011-11-01	2011-11-20	1	513	6	NULL	NULL
514		1			1			2	10		58	2011-11-01	2011-11-20	1	514	6	NULL	NULL
515		1			1			3	10		58	2011-11-01	2011-11-20	1	515	6	NULL	NULL
516		1			1			4	10		58	2011-11-01	2011-11-20	1	516	6	NULL	NULL
517		1			1			5	10		58	2011-11-01	2011-11-20	1	517	6	NULL	NULL
518		1			1			6	10		58	2011-11-01	2011-11-20	1	518	6	NULL	NULL
519		1			1			7	10		58	2011-11-01	2011-11-20	1	519	6	NULL	NULL
520		1			1			8	10		58	2011-11-01	2011-11-20	1	520	6	NULL	NULL
521		1			1			1	11		1	2011-11-01	2011-11-20	1	521	6	NULL	NULL
522		1			1			2	11		1	2011-11-01	2011-11-20	1	522	6	NULL	NULL
523		1			1			3	11		1	2011-11-01	2011-11-20	1	523	6	NULL	NULL
524		1			1			4	11		1	2011-11-01	2011-11-20	1	524	6	NULL	NULL
525		1			1			5	11		1	2011-11-01	2011-11-20	1	525	6	NULL	NULL
526		1			1			6	11		1	2011-11-01	2011-11-20	1	526	6	NULL	NULL
527		1			1			7	11		1	2011-11-01	2011-11-20	1	527	6	NULL	NULL
528		1			1			8	11		1	2011-11-01	2011-11-20	1	528	6	NULL	NULL
529		1			1			1	1		58	2011-11-01	2011-11-20	1	529	7	NULL	NULL
530		1			1			2	1		58	2011-11-01	2011-11-20	1	530	7	NULL	NULL
531		1			1			3	1		58	2011-11-01	2011-11-20	1	531	7	NULL	NULL
532		1			1			4	1		58	2011-11-01	2011-11-20	1	532	7	NULL	NULL
533		1			1			5	1		58	2011-11-01	2011-11-20	1	533	7	NULL	NULL
534		1			1			6	1		58	2011-11-01	2011-11-20	1	534	7	NULL	NULL
535		1			1			7	1		58	2011-11-01	2011-11-20	1	535	7	NULL	NULL
536		1			1			8	1		58	2011-11-01	2011-11-20	1	536	7	NULL	NULL
537		1			1			1	2		21	2011-11-01	2011-11-20	1	537	7	NULL	NULL
538		1			1			2	2		21	2011-11-01	2011-11-20	1	538	7	NULL	NULL
539		1			1			3	2		21	2011-11-01	2011-11-20	1	539	7	NULL	NULL
540		1			1			4	2		21	2011-11-01	2011-11-20	1	540	7	NULL	NULL
541		1			1			5	2		21	2011-11-01	2011-11-20	1	541	7	NULL	NULL
542		1			1			6	2		21	2011-11-01	2011-11-20	1	542	7	NULL	NULL
543		1			1			7	2		21	2011-11-01	2011-11-20	1	543	7	NULL	NULL
544		1			1			8	2		21	2011-11-01	2011-11-20	1	544	7	NULL	NULL
545		1			1			1	3		35	2011-11-01	2011-11-20	1	545	7	NULL	NULL
546		1			1			2	3		35	2011-11-01	2011-11-20	1	546	7	NULL	NULL
547		1			1			3	3		35	2011-11-01	2011-11-20	1	547	7	NULL	NULL
548		1			1			4	3		35	2011-11-01	2011-11-20	1	548	7	NULL	NULL
549		1			1			5	3		35	2011-11-01	2011-11-20	1	549	7	NULL	NULL
550		1			1			6	3		35	2011-11-01	2011-11-20	1	550	7	NULL	NULL
551		1			1			7	3		35	2011-11-01	2011-11-20	1	551	7	NULL	NULL
552		1			1			8	3		35	2011-11-01	2011-11-20	1	552	7	NULL	NULL
553		1			1			1	4		16	2011-11-01	2011-11-20	1	553	7	NULL	NULL
554		1			1			2	4		16	2011-11-01	2011-11-20	1	554	7	NULL	NULL
555		1			1			3	4		16	2011-11-01	2011-11-20	1	555	7	NULL	NULL
556		1			1			4	4		16	2011-11-01	2011-11-20	1	556	7	NULL	NULL
557		1			1			5	4		16	2011-11-01	2011-11-20	1	557	7	NULL	NULL
558		1			1			6	4		16	2011-11-01	2011-11-20	1	558	7	NULL	NULL
559		1			1			7	4		16	2011-11-01	2011-11-20	1	559	7	NULL	NULL
560		1			1			8	4		16	2011-11-01	2011-11-20	1	560	7	NULL	NULL
561		1			1			1	5		59	2011-11-01	2011-11-20	1	561	7	NULL	NULL
562		1			1			2	5		59	2011-11-01	2011-11-20	1	562	7	NULL	NULL
563		1			1			3	5		59	2011-11-01	2011-11-20	1	563	7	NULL	NULL
564		1			1			4	5		59	2011-11-01	2011-11-20	1	564	7	NULL	NULL
565		1			1			5	5		59	2011-11-01	2011-11-20	1	565	7	NULL	NULL
566		1			1			6	5		59	2011-11-01	2011-11-20	1	566	7	NULL	NULL
567		1			1			7	5		59	2011-11-01	2011-11-20	1	567	7	NULL	NULL
568		1			1			8	5		59	2011-11-01	2011-11-20	1	568	7	NULL	NULL
569		1			1			1	6		14	2011-11-01	2011-11-20	1	569	7	NULL	NULL
570		1			1			2	6		14	2011-11-01	2011-11-20	1	570	7	NULL	NULL
571		1			1			3	6		14	2011-11-01	2011-11-20	1	571	7	NULL	NULL
572		1			1			4	6		14	2011-11-01	2011-11-20	1	572	7	NULL	NULL
573		1			1			5	6		14	2011-11-01	2011-11-20	1	573	7	NULL	NULL
574		1			1			6	6		14	2011-11-01	2011-11-20	1	574	7	NULL	NULL
575		1			1			7	6		14	2011-11-01	2011-11-20	1	575	7	NULL	NULL
576		1			1			8	6		14	2011-11-01	2011-11-20	1	576	7	NULL	NULL
577		1			1			1	7		57	2011-11-01	2011-11-20	1	577	7	NULL	NULL
578		1			1			2	7		57	2011-11-01	2011-11-20	1	578	7	NULL	NULL
579		1			1			3	7		57	2011-11-01	2011-11-20	1	579	7	NULL	NULL
580		1			1			4	7		57	2011-11-01	2011-11-20	1	580	7	NULL	NULL
581		1			1			5	7		57	2011-11-01	2011-11-20	1	581	7	NULL	NULL
582		1			1			6	7		57	2011-11-01	2011-11-20	1	582	7	NULL	NULL
583		1			1			7	7		57	2011-11-01	2011-11-20	1	583	7	NULL	NULL
584		1			1			8	7		57	2011-11-01	2011-11-20	1	584	7	NULL	NULL
585		1			1			1	1		58	2011-11-01	2011-11-20	2	585	8	NULL	NULL
586		1			1			2	1		58	2011-11-01	2011-11-20	2	586	8	NULL	NULL
587		1			1			3	1		58	2011-11-01	2011-11-20	2	587	8	NULL	NULL
588		1			1			4	1		58	2011-11-01	2011-11-20	2	588	8	NULL	NULL
589		1			1			5	1		58	2011-11-01	2011-11-20	2	589	8	NULL	NULL
590		1			1			6	1		58	2011-11-01	2011-11-20	2	590	8	NULL	NULL
591		1			1			7	1		58	2011-11-01	2011-11-20	2	591	8	NULL	NULL
592		1			1			8	1		58	2011-11-01	2011-11-20	2	592	8	NULL	NULL
593		1			1			1	2		21	2011-11-01	2011-11-20	2	593	8	NULL	NULL
594		1			1			2	2		21	2011-11-01	2011-11-20	2	594	8	NULL	NULL
595		1			1			3	2		21	2011-11-01	2011-11-20	2	595	8	NULL	NULL
596		1			1			4	2		21	2011-11-01	2011-11-20	2	596	8	NULL	NULL
597		1			1			5	2		21	2011-11-01	2011-11-20	2	597	8	NULL	NULL
598		1			1			6	2		21	2011-11-01	2011-11-20	2	598	8	NULL	NULL
599		1			1			7	2		21	2011-11-01	2011-11-20	2	599	8	NULL	NULL
600		1			1			8	2		21	2011-11-01	2011-11-20	2	600	8	NULL	NULL
601		1			1			1	3		30	2011-11-01	2011-11-20	2	601	8	NULL	NULL
602		1			1			2	3		30	2011-11-01	2011-11-20	2	602	8	NULL	NULL
603		1			1			3	3		30	2011-11-01	2011-11-20	2	603	8	NULL	NULL
604		1			1			4	3		30	2011-11-01	2011-11-20	2	604	8	NULL	NULL
605		1			1			5	3		30	2011-11-01	2011-11-20	2	605	8	NULL	NULL
606		1			1			6	3		30	2011-11-01	2011-11-20	2	606	8	NULL	NULL
607		1			1			7	3		30	2011-11-01	2011-11-20	2	607	8	NULL	NULL
608		1			1			8	3		30	2011-11-01	2011-11-20	2	608	8	NULL	NULL
609		1			1			1	4		31	2011-11-01	2011-11-20	2	609	8	NULL	NULL
610		1			1			2	4		31	2011-11-01	2011-11-20	2	610	8	NULL	NULL
611		1			1			3	4		31	2011-11-01	2011-11-20	2	611	8	NULL	NULL
612		1			1			4	4		31	2011-11-01	2011-11-20	2	612	8	NULL	NULL
613		1			1			5	4		31	2011-11-01	2011-11-20	2	613	8	NULL	NULL
614		1			1			6	4		31	2011-11-01	2011-11-20	2	614	8	NULL	NULL
615		1			1			7	4		31	2011-11-01	2011-11-20	2	615	8	NULL	NULL
616		1			1			8	4		31	2011-11-01	2011-11-20	2	616	8	NULL	NULL
617		1			1			1	5		32	2011-11-01	2011-11-20	2	617	8	NULL	NULL
618		1			1			2	5		32	2011-11-01	2011-11-20	2	618	8	NULL	NULL
619		1			1			3	5		32	2011-11-01	2011-11-20	2	619	8	NULL	NULL
620		1			1			4	5		32	2011-11-01	2011-11-20	2	620	8	NULL	NULL
621		1			1			5	5		32	2011-11-01	2011-11-20	2	621	8	NULL	NULL
622		1			1			6	5		32	2011-11-01	2011-11-20	2	622	8	NULL	NULL
623		1			1			7	5		32	2011-11-01	2011-11-20	2	623	8	NULL	NULL
624		1			1			8	5		32	2011-11-01	2011-11-20	2	624	8	NULL	NULL
625		1			1			1	6		33	2011-11-01	2011-11-20	2	625	8	NULL	NULL
626		1			1			2	6		33	2011-11-01	2011-11-20	2	626	8	NULL	NULL
627		1			1			3	6		33	2011-11-01	2011-11-20	2	627	8	NULL	NULL
628		1			1			4	6		33	2011-11-01	2011-11-20	2	628	8	NULL	NULL
629		1			1			5	6		33	2011-11-01	2011-11-20	2	629	8	NULL	NULL
630		1			1			6	6		33	2011-11-01	2011-11-20	2	630	8	NULL	NULL
631		1			1			7	6		33	2011-11-01	2011-11-20	2	631	8	NULL	NULL
632		1			1			8	6		33	2011-11-01	2011-11-20	2	632	8	NULL	NULL
633		1			1			1	7		34	2011-11-01	2011-11-20	2	633	8	NULL	NULL
634		1			1			2	7		34	2011-11-01	2011-11-20	2	634	8	NULL	NULL
635		1			1			3	7		34	2011-11-01	2011-11-20	2	635	8	NULL	NULL
636		1			1			4	7		34	2011-11-01	2011-11-20	2	636	8	NULL	NULL
637		1			1			5	7		34	2011-11-01	2011-11-20	2	637	8	NULL	NULL
638		1			1			6	7		34	2011-11-01	2011-11-20	2	638	8	NULL	NULL
639		1			1			7	7		34	2011-11-01	2011-11-20	2	639	8	NULL	NULL
640		1			1			8	7		34	2011-11-01	2011-11-20	2	640	8	NULL	NULL
641		1			1			1	8		42	2011-11-01	2011-11-20	2	641	8	NULL	NULL
642		1			1			2	8		42	2011-11-01	2011-11-20	2	642	8	NULL	NULL
643		1			1			3	8		42	2011-11-01	2011-11-20	2	643	8	NULL	NULL
644		1			1			4	8		42	2011-11-01	2011-11-20	2	644	8	NULL	NULL
645		1			1			5	8		42	2011-11-01	2011-11-20	2	645	8	NULL	NULL
646		1			1			6	8		42	2011-11-01	2011-11-20	2	646	8	NULL	NULL
647		1			1			7	8		42	2011-11-01	2011-11-20	2	647	8	NULL	NULL
648		1			1			8	8		42	2011-11-01	2011-11-20	2	648	8	NULL	NULL
649		1			1			1	9		43	2011-11-01	2011-11-20	2	649	8	NULL	NULL
650		1			1			2	9		43	2011-11-01	2011-11-20	2	650	8	NULL	NULL
651		1			1			3	9		43	2011-11-01	2011-11-20	2	651	8	NULL	NULL
652		1			1			4	9		43	2011-11-01	2011-11-20	2	652	8	NULL	NULL
653		1			1			5	9		43	2011-11-01	2011-11-20	2	653	8	NULL	NULL
654		1			1			6	9		43	2011-11-01	2011-11-20	2	654	8	NULL	NULL
655		1			1			7	9		43	2011-11-01	2011-11-20	2	655	8	NULL	NULL
656		1			1			8	9		43	2011-11-01	2011-11-20	2	656	8	NULL	NULL
657		1			1			1	10		44	2011-11-01	2011-11-20	2	657	8	NULL	NULL
658		1			1			2	10		44	2011-11-01	2011-11-20	2	658	8	NULL	NULL
659		1			1			3	10		44	2011-11-01	2011-11-20	2	659	8	NULL	NULL
660		1			1			4	10		44	2011-11-01	2011-11-20	2	660	8	NULL	NULL
661		1			1			5	10		44	2011-11-01	2011-11-20	2	661	8	NULL	NULL
662		1			1			6	10		44	2011-11-01	2011-11-20	2	662	8	NULL	NULL
663		1			1			7	10		44	2011-11-01	2011-11-20	2	663	8	NULL	NULL
664		1			1			8	10		44	2011-11-01	2011-11-20	2	664	8	NULL	NULL
665		1			1			1	11		45	2011-11-01	2011-11-20	2	665	8	NULL	NULL
666		1			1			2	11		45	2011-11-01	2011-11-20	2	666	8	NULL	NULL
667		1			1			3	11		45	2011-11-01	2011-11-20	2	667	8	NULL	NULL
668		1			1			4	11		45	2011-11-01	2011-11-20	2	668	8	NULL	NULL
669		1			1			5	11		45	2011-11-01	2011-11-20	2	669	8	NULL	NULL
670		1			1			6	11		45	2011-11-01	2011-11-20	2	670	8	NULL	NULL
671		1			1			7	11		45	2011-11-01	2011-11-20	2	671	8	NULL	NULL
672		1			1			8	11		45	2011-11-01	2011-11-20	2	672	8	NULL	NULL
673		1			1			1	1		58	2011-11-01	2011-11-20	2	673	9	NULL	NULL
674		1			1			2	1		58	2011-11-01	2011-11-20	2	674	9	NULL	NULL
675		1			1			3	1		58	2011-11-01	2011-11-20	2	675	9	NULL	NULL
676		1			1			4	1		58	2011-11-01	2011-11-20	2	676	9	NULL	NULL
677		1			1			5	1		58	2011-11-01	2011-11-20	2	677	9	NULL	NULL
678		1			1			6	1		58	2011-11-01	2011-11-20	2	678	9	NULL	NULL
679		1			1			7	1		58	2011-11-01	2011-11-20	2	679	9	NULL	NULL
680		1			1			8	1		58	2011-11-01	2011-11-20	2	680	9	NULL	NULL
681		1			1			1	2		21	2011-11-01	2011-11-20	2	681	9	NULL	NULL
682		1			1			2	2		21	2011-11-01	2011-11-20	2	682	9	NULL	NULL
683		1			1			3	2		21	2011-11-01	2011-11-20	2	683	9	NULL	NULL
684		1			1			4	2		21	2011-11-01	2011-11-20	2	684	9	NULL	NULL
685		1			1			5	2		21	2011-11-01	2011-11-20	2	685	9	NULL	NULL
686		1			1			6	2		21	2011-11-01	2011-11-20	2	686	9	NULL	NULL
687		1			1			7	2		21	2011-11-01	2011-11-20	2	687	9	NULL	NULL
688		1			1			8	2		21	2011-11-01	2011-11-20	2	688	9	NULL	NULL
689		1			1			1	3		45	2011-11-01	2011-11-20	2	689	9	NULL	NULL
690		1			1			2	3		45	2011-11-01	2011-11-20	2	690	9	NULL	NULL
691		1			1			3	3		45	2011-11-01	2011-11-20	2	691	9	NULL	NULL
692		1			1			4	3		45	2011-11-01	2011-11-20	2	692	9	NULL	NULL
693		1			1			5	3		45	2011-11-01	2011-11-20	2	693	9	NULL	NULL
694		1			1			6	3		45	2011-11-01	2011-11-20	2	694	9	NULL	NULL
695		1			1			7	3		45	2011-11-01	2011-11-20	2	695	9	NULL	NULL
696		1			1			8	3		45	2011-11-01	2011-11-20	2	696	9	NULL	NULL
697		1			1			1	4		46	2011-11-01	2011-11-20	2	697	9	NULL	NULL
698		1			1			2	4		46	2011-11-01	2011-11-20	2	698	9	NULL	NULL
699		1			1			3	4		46	2011-11-01	2011-11-20	2	699	9	NULL	NULL
700		1			1			4	4		46	2011-11-01	2011-11-20	2	700	9	NULL	NULL
701		1			1			5	4		46	2011-11-01	2011-11-20	2	701	9	NULL	NULL
702		1			1			6	4		46	2011-11-01	2011-11-20	2	702	9	NULL	NULL
703		1			1			7	4		46	2011-11-01	2011-11-20	2	703	9	NULL	NULL
704		1			1			8	4		46	2011-11-01	2011-11-20	2	704	9	NULL	NULL
705		1			1			1	5		47	2011-11-01	2011-11-20	2	705	9	NULL	NULL
706		1			1			2	5		47	2011-11-01	2011-11-20	2	706	9	NULL	NULL
707		1			1			3	5		47	2011-11-01	2011-11-20	2	707	9	NULL	NULL
708		1			1			4	5		47	2011-11-01	2011-11-20	2	708	9	NULL	NULL
709		1			1			5	5		47	2011-11-01	2011-11-20	2	709	9	NULL	NULL
710		1			1			6	5		47	2011-11-01	2011-11-20	2	710	9	NULL	NULL
711		1			1			7	5		47	2011-11-01	2011-11-20	2	711	9	NULL	NULL
712		1			1			8	5		47	2011-11-01	2011-11-20	2	712	9	NULL	NULL
713		1			1			1	6		48	2011-11-01	2011-11-20	2	713	9	NULL	NULL
714		1			1			2	6		48	2011-11-01	2011-11-20	2	714	9	NULL	NULL
715		1			1			3	6		48	2011-11-01	2011-11-20	2	715	9	NULL	NULL
716		1			1			4	6		48	2011-11-01	2011-11-20	2	716	9	NULL	NULL
717		1			1			5	6		48	2011-11-01	2011-11-20	2	717	9	NULL	NULL
718		1			1			6	6		48	2011-11-01	2011-11-20	2	718	9	NULL	NULL
719		1			1			7	6		48	2011-11-01	2011-11-20	2	719	9	NULL	NULL
720		1			1			8	6		48	2011-11-01	2011-11-20	2	720	9	NULL	NULL
721		1			1			1	7		49	2011-11-01	2011-11-20	2	721	9	NULL	NULL
722		1			1			2	7		49	2011-11-01	2011-11-20	2	722	9	NULL	NULL
723		1			1			3	7		49	2011-11-01	2011-11-20	2	723	9	NULL	NULL
724		1			1			4	7		49	2011-11-01	2011-11-20	2	724	9	NULL	NULL
725		1			1			5	7		49	2011-11-01	2011-11-20	2	725	9	NULL	NULL
726		1			1			6	7		49	2011-11-01	2011-11-20	2	726	9	NULL	NULL
727		1			1			7	7		49	2011-11-01	2011-11-20	2	727	9	NULL	NULL
728		1			1			8	7		49	2011-11-01	2011-11-20	2	728	9	NULL	NULL
729		1			1			1	8		50	2011-11-01	2011-11-20	2	729	9	NULL	NULL
730		1			1			2	8		50	2011-11-01	2011-11-20	2	730	9	NULL	NULL
731		1			1			3	8		50	2011-11-01	2011-11-20	2	731	9	NULL	NULL
732		1			1			4	8		50	2011-11-01	2011-11-20	2	732	9	NULL	NULL
733		1			1			5	8		50	2011-11-01	2011-11-20	2	733	9	NULL	NULL
734		1			1			6	8		50	2011-11-01	2011-11-20	2	734	9	NULL	NULL
735		1			1			7	8		50	2011-11-01	2011-11-20	2	735	9	NULL	NULL
736		1			1			8	8		50	2011-11-01	2011-11-20	2	736	9	NULL	NULL
737		1			1			1	9		51	2011-11-01	2011-11-20	2	737	9	NULL	NULL
738		1			1			2	9		51	2011-11-01	2011-11-20	2	738	9	NULL	NULL
739		1			1			3	9		51	2011-11-01	2011-11-20	2	739	9	NULL	NULL
740		1			1			4	9		51	2011-11-01	2011-11-20	2	740	9	NULL	NULL
741		1			1			5	9		51	2011-11-01	2011-11-20	2	741	9	NULL	NULL
742		1			1			6	9		51	2011-11-01	2011-11-20	2	742	9	NULL	NULL
743		1			1			7	9		51	2011-11-01	2011-11-20	2	743	9	NULL	NULL
744		1			1			8	9		51	2011-11-01	2011-11-20	2	744	9	NULL	NULL
745		1			1			1	10		52	2011-11-01	2011-11-20	2	745	9	NULL	NULL
746		1			1			2	10		52	2011-11-01	2011-11-20	2	746	9	NULL	NULL
747		1			1			3	10		52	2011-11-01	2011-11-20	2	747	9	NULL	NULL
748		1			1			4	10		52	2011-11-01	2011-11-20	2	748	9	NULL	NULL
749		1			1			5	10		52	2011-11-01	2011-11-20	2	749	9	NULL	NULL
750		1			1			6	10		52	2011-11-01	2011-11-20	2	750	9	NULL	NULL
751		1			1			7	10		52	2011-11-01	2011-11-20	2	751	9	NULL	NULL
752		1			1			8	10		52	2011-11-01	2011-11-20	2	752	9	NULL	NULL
753		1			1			1	11		53	2011-11-01	2011-11-20	2	753	9	NULL	NULL
754		1			1			2	11		53	2011-11-01	2011-11-20	2	754	9	NULL	NULL
755		1			1			3	11		53	2011-11-01	2011-11-20	2	755	9	NULL	NULL
756		1			1			4	11		53	2011-11-01	2011-11-20	2	756	9	NULL	NULL
757		1			1			5	11		53	2011-11-01	2011-11-20	2	757	9	NULL	NULL
758		1			1			6	11		53	2011-11-01	2011-11-20	2	758	9	NULL	NULL
759		1			1			7	11		53	2011-11-01	2011-11-20	2	759	9	NULL	NULL
760		1			1			8	11		53	2011-11-01	2011-11-20	2	760	9	NULL	NULL
761		1			1			1	1		58	2011-11-01	2011-11-20	2	761	10	NULL	NULL
762		1			1			2	1		58	2011-11-01	2011-11-20	2	762	10	NULL	NULL
763		1			1			3	1		58	2011-11-01	2011-11-20	2	763	10	NULL	NULL
764		1			1			4	1		58	2011-11-01	2011-11-20	2	764	10	NULL	NULL
765		1			1			5	1		58	2011-11-01	2011-11-20	2	765	10	NULL	NULL
766		1			1			6	1		58	2011-11-01	2011-11-20	2	766	10	NULL	NULL
767		1			1			7	1		58	2011-11-01	2011-11-20	2	767	10	NULL	NULL
768		1			1			8	1		58	2011-11-01	2011-11-20	2	768	10	NULL	NULL
769		1			1			1	2		21	2011-11-01	2011-11-20	2	769	10	NULL	NULL
770		1			1			2	2		21	2011-11-01	2011-11-20	2	770	10	NULL	NULL
771		1			1			3	2		21	2011-11-01	2011-11-20	2	771	10	NULL	NULL
772		1			1			4	2		21	2011-11-01	2011-11-20	2	772	10	NULL	NULL
773		1			1			5	2		21	2011-11-01	2011-11-20	2	773	10	NULL	NULL
774		1			1			6	2		21	2011-11-01	2011-11-20	2	774	10	NULL	NULL
775		1			1			7	2		21	2011-11-01	2011-11-20	2	775	10	NULL	NULL
776		1			1			8	2		21	2011-11-01	2011-11-20	2	776	10	NULL	NULL
777		1			1			1	3		54	2011-11-01	2011-11-20	2	777	10	NULL	NULL
778		1			1			2	3		54	2011-11-01	2011-11-20	2	778	10	NULL	NULL
779		1			1			3	3		54	2011-11-01	2011-11-20	2	779	10	NULL	NULL
780		1			1			4	3		54	2011-11-01	2011-11-20	2	780	10	NULL	NULL
781		1			1			5	3		54	2011-11-01	2011-11-20	2	781	10	NULL	NULL
782		1			1			6	3		54	2011-11-01	2011-11-20	2	782	10	NULL	NULL
783		1			1			7	3		54	2011-11-01	2011-11-20	2	783	10	NULL	NULL
784		1			1			8	3		54	2011-11-01	2011-11-20	2	784	10	NULL	NULL
785		1			1			1	4		55	2011-11-01	2011-11-20	2	785	10	NULL	NULL
786		1			1			2	4		55	2011-11-01	2011-11-20	2	786	10	NULL	NULL
787		1			1			3	4		55	2011-11-01	2011-11-20	2	787	10	NULL	NULL
788		1			1			4	4		55	2011-11-01	2011-11-20	2	788	10	NULL	NULL
789		1			1			5	4		55	2011-11-01	2011-11-20	2	789	10	NULL	NULL
790		1			1			6	4		55	2011-11-01	2011-11-20	2	790	10	NULL	NULL
791		1			1			7	4		55	2011-11-01	2011-11-20	2	791	10	NULL	NULL
792		1			1			8	4		55	2011-11-01	2011-11-20	2	792	10	NULL	NULL
793		1			1			1	5		56	2011-11-01	2011-11-20	2	793	10	NULL	NULL
794		1			1			2	5		56	2011-11-01	2011-11-20	2	794	10	NULL	NULL
795		1			1			3	5		56	2011-11-01	2011-11-20	2	795	10	NULL	NULL
796		1			1			4	5		56	2011-11-01	2011-11-20	2	796	10	NULL	NULL
797		1			1			5	5		56	2011-11-01	2011-11-20	2	797	10	NULL	NULL
798		1			1			6	5		56	2011-11-01	2011-11-20	2	798	10	NULL	NULL
799		1			1			7	5		56	2011-11-01	2011-11-20	2	799	10	NULL	NULL
800		1			1			8	5		56	2011-11-01	2011-11-20	2	800	10	NULL	NULL
801		1			1			1	6		2	2011-11-01	2011-11-20	2	801	10	NULL	NULL
802		1			1			2	6		2	2011-11-01	2011-11-20	2	802	10	NULL	NULL
803		1			1			3	6		2	2011-11-01	2011-11-20	2	803	10	NULL	NULL
804		1			1			4	6		2	2011-11-01	2011-11-20	2	804	10	NULL	NULL
805		1			1			5	6		2	2011-11-01	2011-11-20	2	805	10	NULL	NULL
806		1			1			6	6		2	2011-11-01	2011-11-20	2	806	10	NULL	NULL
807		1			1			7	6		2	2011-11-01	2011-11-20	2	807	10	NULL	NULL
808		1			1			8	6		2	2011-11-01	2011-11-20	2	808	10	NULL	NULL
809		1			1			1	7		10	2011-11-01	2011-11-20	2	809	10	NULL	NULL
810		1			1			2	7		10	2011-11-01	2011-11-20	2	810	10	NULL	NULL
811		1			1			3	7		10	2011-11-01	2011-11-20	2	811	10	NULL	NULL
812		1			1			4	7		10	2011-11-01	2011-11-20	2	812	10	NULL	NULL
813		1			1			5	7		10	2011-11-01	2011-11-20	2	813	10	NULL	NULL
814		1			1			6	7		10	2011-11-01	2011-11-20	2	814	10	NULL	NULL
815		1			1			7	7		10	2011-11-01	2011-11-20	2	815	10	NULL	NULL
816		1			1			8	7		10	2011-11-01	2011-11-20	2	816	10	NULL	NULL
817		1			1			1	8		11	2011-11-01	2011-11-20	2	817	10	NULL	NULL
818		1			1			2	8		11	2011-11-01	2011-11-20	2	818	10	NULL	NULL
819		1			1			3	8		11	2011-11-01	2011-11-20	2	819	10	NULL	NULL
820		1			1			4	8		11	2011-11-01	2011-11-20	2	820	10	NULL	NULL
821		1			1			5	8		11	2011-11-01	2011-11-20	2	821	10	NULL	NULL
822		1			1			6	8		11	2011-11-01	2011-11-20	2	822	10	NULL	NULL
823		1			1			7	8		11	2011-11-01	2011-11-20	2	823	10	NULL	NULL
824		1			1			8	8		11	2011-11-01	2011-11-20	2	824	10	NULL	NULL
825		1			1			1	9		12	2011-11-01	2011-11-20	2	825	10	NULL	NULL
826		1			1			2	9		12	2011-11-01	2011-11-20	2	826	10	NULL	NULL
827		1			1			3	9		12	2011-11-01	2011-11-20	2	827	10	NULL	NULL
828		1			1			4	9		12	2011-11-01	2011-11-20	2	828	10	NULL	NULL
829		1			1			5	9		12	2011-11-01	2011-11-20	2	829	10	NULL	NULL
830		1			1			6	9		12	2011-11-01	2011-11-20	2	830	10	NULL	NULL
831		1			1			7	9		12	2011-11-01	2011-11-20	2	831	10	NULL	NULL
832		1			1			8	9		12	2011-11-01	2011-11-20	2	832	10	NULL	NULL
833		1			1			1	10		13	2011-11-01	2011-11-20	2	833	10	NULL	NULL
834		1			1			2	10		13	2011-11-01	2011-11-20	2	834	10	NULL	NULL
835		1			1			3	10		13	2011-11-01	2011-11-20	2	835	10	NULL	NULL
836		1			1			4	10		13	2011-11-01	2011-11-20	2	836	10	NULL	NULL
837		1			1			5	10		13	2011-11-01	2011-11-20	2	837	10	NULL	NULL
838		1			1			6	10		13	2011-11-01	2011-11-20	2	838	10	NULL	NULL
839		1			1			7	10		13	2011-11-01	2011-11-20	2	839	10	NULL	NULL
840		1			1			8	10		13	2011-11-01	2011-11-20	2	840	10	NULL	NULL
841		1			1			1	11		15	2011-11-01	2011-11-20	2	841	10	NULL	NULL
842		1			1			2	11		15	2011-11-01	2011-11-20	2	842	10	NULL	NULL
843		1			1			3	11		15	2011-11-01	2011-11-20	2	843	10	NULL	NULL
844		1			1			4	11		15	2011-11-01	2011-11-20	2	844	10	NULL	NULL
845		1			1			5	11		15	2011-11-01	2011-11-20	2	845	10	NULL	NULL
846		1			1			6	11		15	2011-11-01	2011-11-20	2	846	10	NULL	NULL
847		1			1			7	11		15	2011-11-01	2011-11-20	2	847	10	NULL	NULL
848		1			1			8	11		15	2011-11-01	2011-11-20	2	848	10	NULL	NULL
849		1			1			1	1		58	2011-11-01	2011-11-20	2	849	11	NULL	NULL
850		1			1			2	1		58	2011-11-01	2011-11-20	2	850	11	NULL	NULL
851		1			1			3	1		58	2011-11-01	2011-11-20	2	851	11	NULL	NULL
852		1			1			4	1		58	2011-11-01	2011-11-20	2	852	11	NULL	NULL
853		1			1			5	1		58	2011-11-01	2011-11-20	2	853	11	NULL	NULL
854		1			1			6	1		58	2011-11-01	2011-11-20	2	854	11	NULL	NULL
855		1			1			7	1		58	2011-11-01	2011-11-20	2	855	11	NULL	NULL
856		1			1			8	1		58	2011-11-01	2011-11-20	2	856	11	NULL	NULL
857		1			1			1	2		21	2011-11-01	2011-11-20	2	857	11	NULL	NULL
858		1			1			2	2		21	2011-11-01	2011-11-20	2	858	11	NULL	NULL
859		1			1			3	2		21	2011-11-01	2011-11-20	2	859	11	NULL	NULL
860		1			1			4	2		21	2011-11-01	2011-11-20	2	860	11	NULL	NULL
861		1			1			5	2		21	2011-11-01	2011-11-20	2	861	11	NULL	NULL
862		1			1			6	2		21	2011-11-01	2011-11-20	2	862	11	NULL	NULL
863		1			1			7	2		21	2011-11-01	2011-11-20	2	863	11	NULL	NULL
864		1			1			8	2		21	2011-11-01	2011-11-20	2	864	11	NULL	NULL
865		1			1			1	3		17	2011-11-01	2011-11-20	2	865	11	NULL	NULL
866		1			1			2	3		17	2011-11-01	2011-11-20	2	866	11	NULL	NULL
867		1			1			3	3		17	2011-11-01	2011-11-20	2	867	11	NULL	NULL
868		1			1			4	3		17	2011-11-01	2011-11-20	2	868	11	NULL	NULL
869		1			1			5	3		17	2011-11-01	2011-11-20	2	869	11	NULL	NULL
870		1			1			6	3		17	2011-11-01	2011-11-20	2	870	11	NULL	NULL
871		1			1			7	3		17	2011-11-01	2011-11-20	2	871	11	NULL	NULL
872		1			1			8	3		17	2011-11-01	2011-11-20	2	872	11	NULL	NULL
873		1			1			1	4		18	2011-11-01	2011-11-20	2	873	11	NULL	NULL
874		1			1			2	4		18	2011-11-01	2011-11-20	2	874	11	NULL	NULL
875		1			1			3	4		18	2011-11-01	2011-11-20	2	875	11	NULL	NULL
876		1			1			4	4		18	2011-11-01	2011-11-20	2	876	11	NULL	NULL
877		1			1			5	4		18	2011-11-01	2011-11-20	2	877	11	NULL	NULL
878		1			1			6	4		18	2011-11-01	2011-11-20	2	878	11	NULL	NULL
879		1			1			7	4		18	2011-11-01	2011-11-20	2	879	11	NULL	NULL
880		1			1			8	4		18	2011-11-01	2011-11-20	2	880	11	NULL	NULL
881		1			1			1	5		19	2011-11-01	2011-11-20	2	881	11	NULL	NULL
882		1			1			2	5		19	2011-11-01	2011-11-20	2	882	11	NULL	NULL
883		1			1			3	5		19	2011-11-01	2011-11-20	2	883	11	NULL	NULL
884		1			1			4	5		19	2011-11-01	2011-11-20	2	884	11	NULL	NULL
885		1			1			5	5		19	2011-11-01	2011-11-20	2	885	11	NULL	NULL
886		1			1			6	5		19	2011-11-01	2011-11-20	2	886	11	NULL	NULL
887		1			1			7	5		19	2011-11-01	2011-11-20	2	887	11	NULL	NULL
888		1			1			8	5		19	2011-11-01	2011-11-20	2	888	11	NULL	NULL
889		1			1			1	6		20	2011-11-01	2011-11-20	2	889	11	NULL	NULL
890		1			1			2	6		20	2011-11-01	2011-11-20	2	890	11	NULL	NULL
891		1			1			3	6		20	2011-11-01	2011-11-20	2	891	11	NULL	NULL
892		1			1			4	6		20	2011-11-01	2011-11-20	2	892	11	NULL	NULL
893		1			1			5	6		20	2011-11-01	2011-11-20	2	893	11	NULL	NULL
894		1			1			6	6		20	2011-11-01	2011-11-20	2	894	11	NULL	NULL
895		1			1			7	6		20	2011-11-01	2011-11-20	2	895	11	NULL	NULL
896		1			1			8	6		20	2011-11-01	2011-11-20	2	896	11	NULL	NULL
897		1			1			1	7		22	2011-11-01	2011-11-20	2	897	11	NULL	NULL
898		1			1			2	7		22	2011-11-01	2011-11-20	2	898	11	NULL	NULL
899		1			1			3	7		22	2011-11-01	2011-11-20	2	899	11	NULL	NULL
900		1			1			4	7		22	2011-11-01	2011-11-20	2	900	11	NULL	NULL
901		1			1			5	7		22	2011-11-01	2011-11-20	2	901	11	NULL	NULL
902		1			1			6	7		22	2011-11-01	2011-11-20	2	902	11	NULL	NULL
903		1			1			7	7		22	2011-11-01	2011-11-20	2	903	11	NULL	NULL
904		1			1			8	7		22	2011-11-01	2011-11-20	2	904	11	NULL	NULL
905		1			1			1	8		23	2011-11-01	2011-11-20	2	905	11	NULL	NULL
906		1			1			2	8		23	2011-11-01	2011-11-20	2	906	11	NULL	NULL
907		1			1			3	8		23	2011-11-01	2011-11-20	2	907	11	NULL	NULL
908		1			1			4	8		23	2011-11-01	2011-11-20	2	908	11	NULL	NULL
909		1			1			5	8		23	2011-11-01	2011-11-20	2	909	11	NULL	NULL
910		1			1			6	8		23	2011-11-01	2011-11-20	2	910	11	NULL	NULL
911		1			1			7	8		23	2011-11-01	2011-11-20	2	911	11	NULL	NULL
912		1			1			8	8		23	2011-11-01	2011-11-20	2	912	11	NULL	NULL
913		1			1			1	9		24	2011-11-01	2011-11-20	2	913	11	NULL	NULL
914		1			1			2	9		24	2011-11-01	2011-11-20	2	914	11	NULL	NULL
915		1			1			3	9		24	2011-11-01	2011-11-20	2	915	11	NULL	NULL
916		1			1			4	9		24	2011-11-01	2011-11-20	2	916	11	NULL	NULL
917		1			1			5	9		24	2011-11-01	2011-11-20	2	917	11	NULL	NULL
918		1			1			6	9		24	2011-11-01	2011-11-20	2	918	11	NULL	NULL
919		1			1			7	9		24	2011-11-01	2011-11-20	2	919	11	NULL	NULL
920		1			1			8	9		24	2011-11-01	2011-11-20	2	920	11	NULL	NULL
921		1			1			1	10		25	2011-11-01	2011-11-20	2	921	11	NULL	NULL
922		1			1			2	10		25	2011-11-01	2011-11-20	2	922	11	NULL	NULL
923		1			1			3	10		25	2011-11-01	2011-11-20	2	923	11	NULL	NULL
924		1			1			4	10		25	2011-11-01	2011-11-20	2	924	11	NULL	NULL
925		1			1			5	10		25	2011-11-01	2011-11-20	2	925	11	NULL	NULL
926		1			1			6	10		25	2011-11-01	2011-11-20	2	926	11	NULL	NULL
927		1			1			7	10		25	2011-11-01	2011-11-20	2	927	11	NULL	NULL
928		1			1			8	10		25	2011-11-01	2011-11-20	2	928	11	NULL	NULL
929		1			1			1	11		26	2011-11-01	2011-11-20	2	929	11	NULL	NULL
930		1			1			2	11		26	2011-11-01	2011-11-20	2	930	11	NULL	NULL
931		1			1			3	11		26	2011-11-01	2011-11-20	2	931	11	NULL	NULL
932		1			1			4	11		26	2011-11-01	2011-11-20	2	932	11	NULL	NULL
933		1			1			5	11		26	2011-11-01	2011-11-20	2	933	11	NULL	NULL
934		1			1			6	11		26	2011-11-01	2011-11-20	2	934	11	NULL	NULL
935		1			1			7	11		26	2011-11-01	2011-11-20	2	935	11	NULL	NULL
936		1			1			8	11		26	2011-11-01	2011-11-20	2	936	11	NULL	NULL
937		1			1			1	1		58	2011-11-01	2011-11-20	2	937	12	NULL	NULL
938		1			1			2	1		58	2011-11-01	2011-11-20	2	938	12	NULL	NULL
939		1			1			3	1		58	2011-11-01	2011-11-20	2	939	12	NULL	NULL
940		1			1			4	1		58	2011-11-01	2011-11-20	2	940	12	NULL	NULL
941		1			1			5	1		58	2011-11-01	2011-11-20	2	941	12	NULL	NULL
942		1			1			6	1		58	2011-11-01	2011-11-20	2	942	12	NULL	NULL
943		1			1			7	1		58	2011-11-01	2011-11-20	2	943	12	NULL	NULL
944		1			1			8	1		58	2011-11-01	2011-11-20	2	944	12	NULL	NULL
945		1			1			1	2		21	2011-11-01	2011-11-20	2	945	12	NULL	NULL
946		1			1			2	2		21	2011-11-01	2011-11-20	2	946	12	NULL	NULL
947		1			1			3	2		21	2011-11-01	2011-11-20	2	947	12	NULL	NULL
948		1			1			4	2		21	2011-11-01	2011-11-20	2	948	12	NULL	NULL
949		1			1			5	2		21	2011-11-01	2011-11-20	2	949	12	NULL	NULL
950		1			1			6	2		21	2011-11-01	2011-11-20	2	950	12	NULL	NULL
951		1			1			7	2		21	2011-11-01	2011-11-20	2	951	12	NULL	NULL
952		1			1			8	2		21	2011-11-01	2011-11-20	2	952	12	NULL	NULL
953		1			1			1	3		27	2011-11-01	2011-11-20	2	953	12	NULL	NULL
954		1			1			2	3		27	2011-11-01	2011-11-20	2	954	12	NULL	NULL
955		1			1			3	3		27	2011-11-01	2011-11-20	2	955	12	NULL	NULL
956		1			1			4	3		27	2011-11-01	2011-11-20	2	956	12	NULL	NULL
957		1			1			5	3		27	2011-11-01	2011-11-20	2	957	12	NULL	NULL
958		1			1			6	3		27	2011-11-01	2011-11-20	2	958	12	NULL	NULL
959		1			1			7	3		27	2011-11-01	2011-11-20	2	959	12	NULL	NULL
960		1			1			8	3		27	2011-11-01	2011-11-20	2	960	12	NULL	NULL
961		1			1			1	4		28	2011-11-01	2011-11-20	2	961	12	NULL	NULL
962		1			1			2	4		28	2011-11-01	2011-11-20	2	962	12	NULL	NULL
963		1			1			3	4		28	2011-11-01	2011-11-20	2	963	12	NULL	NULL
964		1			1			4	4		28	2011-11-01	2011-11-20	2	964	12	NULL	NULL
965		1			1			5	4		28	2011-11-01	2011-11-20	2	965	12	NULL	NULL
966		1			1			6	4		28	2011-11-01	2011-11-20	2	966	12	NULL	NULL
967		1			1			7	4		28	2011-11-01	2011-11-20	2	967	12	NULL	NULL
968		1			1			8	4		28	2011-11-01	2011-11-20	2	968	12	NULL	NULL
969		1			1			1	5		29	2011-11-01	2011-11-20	2	969	12	NULL	NULL
970		1			1			2	5		29	2011-11-01	2011-11-20	2	970	12	NULL	NULL
971		1			1			3	5		29	2011-11-01	2011-11-20	2	971	12	NULL	NULL
972		1			1			4	5		29	2011-11-01	2011-11-20	2	972	12	NULL	NULL
973		1			1			5	5		29	2011-11-01	2011-11-20	2	973	12	NULL	NULL
974		1			1			6	5		29	2011-11-01	2011-11-20	2	974	12	NULL	NULL
975		1			1			7	5		29	2011-11-01	2011-11-20	2	975	12	NULL	NULL
976		1			1			8	5		29	2011-11-01	2011-11-20	2	976	12	NULL	NULL
977		1			1			1	6		36	2011-11-01	2011-11-20	2	977	12	NULL	NULL
978		1			1			2	6		36	2011-11-01	2011-11-20	2	978	12	NULL	NULL
979		1			1			3	6		36	2011-11-01	2011-11-20	2	979	12	NULL	NULL
980		1			1			4	6		36	2011-11-01	2011-11-20	2	980	12	NULL	NULL
981		1			1			5	6		36	2011-11-01	2011-11-20	2	981	12	NULL	NULL
982		1			1			6	6		36	2011-11-01	2011-11-20	2	982	12	NULL	NULL
983		1			1			7	6		36	2011-11-01	2011-11-20	2	983	12	NULL	NULL
984		1			1			8	6		36	2011-11-01	2011-11-20	2	984	12	NULL	NULL
985		1			1			1	7		37	2011-11-01	2011-11-20	2	985	12	NULL	NULL
986		1			1			2	7		37	2011-11-01	2011-11-20	2	986	12	NULL	NULL
987		1			1			3	7		37	2011-11-01	2011-11-20	2	987	12	NULL	NULL
988		1			1			4	7		37	2011-11-01	2011-11-20	2	988	12	NULL	NULL
989		1			1			5	7		37	2011-11-01	2011-11-20	2	989	12	NULL	NULL
990		1			1			6	7		37	2011-11-01	2011-11-20	2	990	12	NULL	NULL
991		1			1			7	7		37	2011-11-01	2011-11-20	2	991	12	NULL	NULL
992		1			1			8	7		37	2011-11-01	2011-11-20	2	992	12	NULL	NULL
993		1			1			1	8		38	2011-11-01	2011-11-20	2	993	12	NULL	NULL
994		1			1			2	8		38	2011-11-01	2011-11-20	2	994	12	NULL	NULL
995		1			1			3	8		38	2011-11-01	2011-11-20	2	995	12	NULL	NULL
996		1			1			4	8		38	2011-11-01	2011-11-20	2	996	12	NULL	NULL
997		1			1			5	8		38	2011-11-01	2011-11-20	2	997	12	NULL	NULL
998		1			1			6	8		38	2011-11-01	2011-11-20	2	998	12	NULL	NULL
999		1			1			7	8		38	2011-11-01	2011-11-20	2	999	12	NULL	NULL
1000		1			1			8	8		38	2011-11-01	2011-11-20	2	1000	12	NULL	NULL
1001		1			1			1	9		39	2011-11-01	2011-11-20	2	1001	12	NULL	NULL
1002		1			1			2	9		39	2011-11-01	2011-11-20	2	1002	12	NULL	NULL
1003		1			1			3	9		39	2011-11-01	2011-11-20	2	1003	12	NULL	NULL
1004		1			1			4	9		39	2011-11-01	2011-11-20	2	1004	12	NULL	NULL
1005		1			1			5	9		39	2011-11-01	2011-11-20	2	1005	12	NULL	NULL
1006		1			1			6	9		39	2011-11-01	2011-11-20	2	1006	12	NULL	NULL
1007		1			1			7	9		39	2011-11-01	2011-11-20	2	1007	12	NULL	NULL
1008		1			1			8	9		39	2011-11-01	2011-11-20	2	1008	12	NULL	NULL
1009		1			1			1	10		40	2011-11-01	2011-11-20	2	1009	12	NULL	NULL
1010		1			1			2	10		40	2011-11-01	2011-11-20	2	1010	12	NULL	NULL
1011		1			1			3	10		40	2011-11-01	2011-11-20	2	1011	12	NULL	NULL
1012		1			1			4	10		40	2011-11-01	2011-11-20	2	1012	12	NULL	NULL
1013		1			1			5	10		40	2011-11-01	2011-11-20	2	1013	12	NULL	NULL
1014		1			1			6	10		40	2011-11-01	2011-11-20	2	1014	12	NULL	NULL
1015		1			1			7	10		40	2011-11-01	2011-11-20	2	1015	12	NULL	NULL
1016		1			1			8	10		40	2011-11-01	2011-11-20	2	1016	12	NULL	NULL
1017		1			1			1	11		41	2011-11-01	2011-11-20	2	1017	12	NULL	NULL
1018		1			1			2	11		41	2011-11-01	2011-11-20	2	1018	12	NULL	NULL
1019		1			1			3	11		41	2011-11-01	2011-11-20	2	1019	12	NULL	NULL
1020		1			1			4	11		41	2011-11-01	2011-11-20	2	1020	12	NULL	NULL
1021		1			1			5	11		41	2011-11-01	2011-11-20	2	1021	12	NULL	NULL
1022		1			1			6	11		41	2011-11-01	2011-11-20	2	1022	12	NULL	NULL
1023		1			1			7	11		41	2011-11-01	2011-11-20	2	1023	12	NULL	NULL
1024		1			1			8	11		41	2011-11-01	2011-11-20	2	1024	12	NULL	NULL
1025		1			1			1	1		58	2011-11-01	2011-11-20	2	1025	13	NULL	NULL
1026		1			1			2	1		58	2011-11-01	2011-11-20	2	1026	13	NULL	NULL
1027		1			1			3	1		58	2011-11-01	2011-11-20	2	1027	13	NULL	NULL
1028		1			1			4	1		58	2011-11-01	2011-11-20	2	1028	13	NULL	NULL
1029		1			1			5	1		58	2011-11-01	2011-11-20	2	1029	13	NULL	NULL
1030		1			1			6	1		58	2011-11-01	2011-11-20	2	1030	13	NULL	NULL
1031		1			1			7	1		58	2011-11-01	2011-11-20	2	1031	13	NULL	NULL
1032		1			1			8	1		58	2011-11-01	2011-11-20	2	1032	13	NULL	NULL
1033		1			1			1	2		21	2011-11-01	2011-11-20	2	1033	13	NULL	NULL
1034		1			1			2	2		21	2011-11-01	2011-11-20	2	1034	13	NULL	NULL
1035		1			1			3	2		21	2011-11-01	2011-11-20	2	1035	13	NULL	NULL
1036		1			1			4	2		21	2011-11-01	2011-11-20	2	1036	13	NULL	NULL
1037		1			1			5	2		21	2011-11-01	2011-11-20	2	1037	13	NULL	NULL
1038		1			1			6	2		21	2011-11-01	2011-11-20	2	1038	13	NULL	NULL
1039		1			1			7	2		21	2011-11-01	2011-11-20	2	1039	13	NULL	NULL
1040		1			1			8	2		21	2011-11-01	2011-11-20	2	1040	13	NULL	NULL
1041		1			1			1	3		7	2011-11-01	2011-11-20	2	1041	13	NULL	NULL
1042		1			1			2	3		7	2011-11-01	2011-11-20	2	1042	13	NULL	NULL
1043		1			1			3	3		7	2011-11-01	2011-11-20	2	1043	13	NULL	NULL
1044		1			1			4	3		7	2011-11-01	2011-11-20	2	1044	13	NULL	NULL
1045		1			1			5	3		7	2011-11-01	2011-11-20	2	1045	13	NULL	NULL
1046		1			1			6	3		7	2011-11-01	2011-11-20	2	1046	13	NULL	NULL
1047		1			1			7	3		7	2011-11-01	2011-11-20	2	1047	13	NULL	NULL
1048		1			1			8	3		7	2011-11-01	2011-11-20	2	1048	13	NULL	NULL
1049		1			1			1	4		4	2011-11-01	2011-11-20	2	1049	13	NULL	NULL
1050		1			1			2	4		4	2011-11-01	2011-11-20	2	1050	13	NULL	NULL
1051		1			1			3	4		4	2011-11-01	2011-11-20	2	1051	13	NULL	NULL
1052		1			1			4	4		4	2011-11-01	2011-11-20	2	1052	13	NULL	NULL
1053		1			1			5	4		4	2011-11-01	2011-11-20	2	1053	13	NULL	NULL
1054		1			1			6	4		4	2011-11-01	2011-11-20	2	1054	13	NULL	NULL
1055		1			1			7	4		4	2011-11-01	2011-11-20	2	1055	13	NULL	NULL
1056		1			1			8	4		4	2011-11-01	2011-11-20	2	1056	13	NULL	NULL
1057		1			1			1	5		5	2011-11-01	2011-11-20	2	1057	13	NULL	NULL
1058		1			1			2	5		5	2011-11-01	2011-11-20	2	1058	13	NULL	NULL
1059		1			1			3	5		5	2011-11-01	2011-11-20	2	1059	13	NULL	NULL
1060		1			1			4	5		5	2011-11-01	2011-11-20	2	1060	13	NULL	NULL
1061		1			1			5	5		5	2011-11-01	2011-11-20	2	1061	13	NULL	NULL
1062		1			1			6	5		5	2011-11-01	2011-11-20	2	1062	13	NULL	NULL
1063		1			1			7	5		5	2011-11-01	2011-11-20	2	1063	13	NULL	NULL
1064		1			1			8	5		5	2011-11-01	2011-11-20	2	1064	13	NULL	NULL
1065		1			1			1	6		6	2011-11-01	2011-11-20	2	1065	13	NULL	NULL
1066		1			1			2	6		6	2011-11-01	2011-11-20	2	1066	13	NULL	NULL
1067		1			1			3	6		6	2011-11-01	2011-11-20	2	1067	13	NULL	NULL
1068		1			1			4	6		6	2011-11-01	2011-11-20	2	1068	13	NULL	NULL
1069		1			1			5	6		6	2011-11-01	2011-11-20	2	1069	13	NULL	NULL
1070		1			1			6	6		6	2011-11-01	2011-11-20	2	1070	13	NULL	NULL
1071		1			1			7	6		6	2011-11-01	2011-11-20	2	1071	13	NULL	NULL
1072		1			1			8	6		6	2011-11-01	2011-11-20	2	1072	13	NULL	NULL
1073		1			1			1	7		9	2011-11-01	2011-11-20	2	1073	13	NULL	NULL
1074		1			1			2	7		9	2011-11-01	2011-11-20	2	1074	13	NULL	NULL
1075		1			1			3	7		9	2011-11-01	2011-11-20	2	1075	13	NULL	NULL
1076		1			1			4	7		9	2011-11-01	2011-11-20	2	1076	13	NULL	NULL
1077		1			1			5	7		9	2011-11-01	2011-11-20	2	1077	13	NULL	NULL
1078		1			1			6	7		9	2011-11-01	2011-11-20	2	1078	13	NULL	NULL
1079		1			1			7	7		9	2011-11-01	2011-11-20	2	1079	13	NULL	NULL
1080		1			1			8	7		9	2011-11-01	2011-11-20	2	1080	13	NULL	NULL
1081		1			1			1	8		3	2011-11-01	2011-11-20	2	1081	13	NULL	NULL
1082		1			1			2	8		3	2011-11-01	2011-11-20	2	1082	13	NULL	NULL
1083		1			1			3	8		3	2011-11-01	2011-11-20	2	1083	13	NULL	NULL
1084		1			1			4	8		3	2011-11-01	2011-11-20	2	1084	13	NULL	NULL
1085		1			1			5	8		3	2011-11-01	2011-11-20	2	1085	13	NULL	NULL
1086		1			1			6	8		3	2011-11-01	2011-11-20	2	1086	13	NULL	NULL
1087		1			1			7	8		3	2011-11-01	2011-11-20	2	1087	13	NULL	NULL
1088		1			1			8	8		3	2011-11-01	2011-11-20	2	1088	13	NULL	NULL
1089		1			1			1	9		8	2011-11-01	2011-11-20	2	1089	13	NULL	NULL
1090		1			1			2	9		8	2011-11-01	2011-11-20	2	1090	13	NULL	NULL
1091		1			1			3	9		8	2011-11-01	2011-11-20	2	1091	13	NULL	NULL
1092		1			1			4	9		8	2011-11-01	2011-11-20	2	1092	13	NULL	NULL
1093		1			1			5	9		8	2011-11-01	2011-11-20	2	1093	13	NULL	NULL
1094		1			1			6	9		8	2011-11-01	2011-11-20	2	1094	13	NULL	NULL
1095		1			1			7	9		8	2011-11-01	2011-11-20	2	1095	13	NULL	NULL
1096		1			1			8	9		8	2011-11-01	2011-11-20	2	1096	13	NULL	NULL
1097		1			1			1	10		58	2011-11-01	2011-11-20	2	1097	13	NULL	NULL
1098		1			1			2	10		58	2011-11-01	2011-11-20	2	1098	13	NULL	NULL
1099		1			1			3	10		58	2011-11-01	2011-11-20	2	1099	13	NULL	NULL
1100		1			1			4	10		58	2011-11-01	2011-11-20	2	1100	13	NULL	NULL
1101		1			1			5	10		58	2011-11-01	2011-11-20	2	1101	13	NULL	NULL
1102		1			1			6	10		58	2011-11-01	2011-11-20	2	1102	13	NULL	NULL
1103		1			1			7	10		58	2011-11-01	2011-11-20	2	1103	13	NULL	NULL
1104		1			1			8	10		58	2011-11-01	2011-11-20	2	1104	13	NULL	NULL
1105		1			1			1	11		1	2011-11-01	2011-11-20	2	1105	13	NULL	NULL
1106		1			1			2	11		1	2011-11-01	2011-11-20	2	1106	13	NULL	NULL
1107		1			1			3	11		1	2011-11-01	2011-11-20	2	1107	13	NULL	NULL
1108		1			1			4	11		1	2011-11-01	2011-11-20	2	1108	13	NULL	NULL
1109		1			1			5	11		1	2011-11-01	2011-11-20	2	1109	13	NULL	NULL
1110		1			1			6	11		1	2011-11-01	2011-11-20	2	1110	13	NULL	NULL
1111		1			1			7	11		1	2011-11-01	2011-11-20	2	1111	13	NULL	NULL
1112		1			1			8	11		1	2011-11-01	2011-11-20	2	1112	13	NULL	NULL
1113		1			1			1	1		58	2011-11-01	2011-11-20	2	1113	14	NULL	NULL
1114		1			1			2	1		58	2011-11-01	2011-11-20	2	1114	14	NULL	NULL
1115		1			1			3	1		58	2011-11-01	2011-11-20	2	1115	14	NULL	NULL
1116		1			1			4	1		58	2011-11-01	2011-11-20	2	1116	14	NULL	NULL
1117		1			1			5	1		58	2011-11-01	2011-11-20	2	1117	14	NULL	NULL
1118		1			1			6	1		58	2011-11-01	2011-11-20	2	1118	14	NULL	NULL
1119		1			1			7	1		58	2011-11-01	2011-11-20	2	1119	14	NULL	NULL
1120		1			1			8	1		58	2011-11-01	2011-11-20	2	1120	14	NULL	NULL
1121		1			1			1	2		21	2011-11-01	2011-11-20	2	1121	14	NULL	NULL
1122		1			1			2	2		21	2011-11-01	2011-11-20	2	1122	14	NULL	NULL
1123		1			1			3	2		21	2011-11-01	2011-11-20	2	1123	14	NULL	NULL
1124		1			1			4	2		21	2011-11-01	2011-11-20	2	1124	14	NULL	NULL
1125		1			1			5	2		21	2011-11-01	2011-11-20	2	1125	14	NULL	NULL
1126		1			1			6	2		21	2011-11-01	2011-11-20	2	1126	14	NULL	NULL
1127		1			1			7	2		21	2011-11-01	2011-11-20	2	1127	14	NULL	NULL
1128		1			1			8	2		21	2011-11-01	2011-11-20	2	1128	14	NULL	NULL
1129		1			1			1	3		35	2011-11-01	2011-11-20	2	1129	14	NULL	NULL
1130		1			1			2	3		35	2011-11-01	2011-11-20	2	1130	14	NULL	NULL
1131		1			1			3	3		35	2011-11-01	2011-11-20	2	1131	14	NULL	NULL
1132		1			1			4	3		35	2011-11-01	2011-11-20	2	1132	14	NULL	NULL
1133		1			1			5	3		35	2011-11-01	2011-11-20	2	1133	14	NULL	NULL
1134		1			1			6	3		35	2011-11-01	2011-11-20	2	1134	14	NULL	NULL
1135		1			1			7	3		35	2011-11-01	2011-11-20	2	1135	14	NULL	NULL
1136		1			1			8	3		35	2011-11-01	2011-11-20	2	1136	14	NULL	NULL
1137		1			1			1	4		16	2011-11-01	2011-11-20	2	1137	14	NULL	NULL
1138		1			1			2	4		16	2011-11-01	2011-11-20	2	1138	14	NULL	NULL
1139		1			1			3	4		16	2011-11-01	2011-11-20	2	1139	14	NULL	NULL
1140		1			1			4	4		16	2011-11-01	2011-11-20	2	1140	14	NULL	NULL
1141		1			1			5	4		16	2011-11-01	2011-11-20	2	1141	14	NULL	NULL
1142		1			1			6	4		16	2011-11-01	2011-11-20	2	1142	14	NULL	NULL
1143		1			1			7	4		16	2011-11-01	2011-11-20	2	1143	14	NULL	NULL
1144		1			1			8	4		16	2011-11-01	2011-11-20	2	1144	14	NULL	NULL
1145		1			1			1	5		59	2011-11-01	2011-11-20	2	1145	14	NULL	NULL
1146		1			1			2	5		59	2011-11-01	2011-11-20	2	1146	14	NULL	NULL
1147		1			1			3	5		59	2011-11-01	2011-11-20	2	1147	14	NULL	NULL
1148		1			1			4	5		59	2011-11-01	2011-11-20	2	1148	14	NULL	NULL
1149		1			1			5	5		59	2011-11-01	2011-11-20	2	1149	14	NULL	NULL
1150		1			1			6	5		59	2011-11-01	2011-11-20	2	1150	14	NULL	NULL
1151		1			1			7	5		59	2011-11-01	2011-11-20	2	1151	14	NULL	NULL
1152		1			1			8	5		59	2011-11-01	2011-11-20	2	1152	14	NULL	NULL
1153		1			1			1	6		14	2011-11-01	2011-11-20	2	1153	14	NULL	NULL
1154		1			1			2	6		14	2011-11-01	2011-11-20	2	1154	14	NULL	NULL
1155		1			1			3	6		14	2011-11-01	2011-11-20	2	1155	14	NULL	NULL
1156		1			1			4	6		14	2011-11-01	2011-11-20	2	1156	14	NULL	NULL
1157		1			1			5	6		14	2011-11-01	2011-11-20	2	1157	14	NULL	NULL
1158		1			1			6	6		14	2011-11-01	2011-11-20	2	1158	14	NULL	NULL
1159		1			1			7	6		14	2011-11-01	2011-11-20	2	1159	14	NULL	NULL
1160		1			1			8	6		14	2011-11-01	2011-11-20	2	1160	14	NULL	NULL
1161		1			1			1	7		57	2011-11-01	2011-11-20	2	1161	14	NULL	NULL
1162		1			1			2	7		57	2011-11-01	2011-11-20	2	1162	14	NULL	NULL
1163		1			1			3	7		57	2011-11-01	2011-11-20	2	1163	14	NULL	NULL
1164		1			1			4	7		57	2011-11-01	2011-11-20	2	1164	14	NULL	NULL
1165		1			1			5	7		57	2011-11-01	2011-11-20	2	1165	14	NULL	NULL
1166		1			1			6	7		57	2011-11-01	2011-11-20	2	1166	14	NULL	NULL
1167		1			1			7	7		57	2011-11-01	2011-11-20	2	1167	14	NULL	NULL
1168		1			1			8	7		57	2011-11-01	2011-11-20	2	1168	14	NULL	NULL
